Indicador,1993M1,1993M2,1993M3,1993M4,1993M5,1993M6,1993M7,1993M8,1993M9,1993M10,1993M11,1993M12,1994M1,1994M2,1994M3,1994M4,1994M5,1994M6,1994M7,1994M8,1994M9,1994M10,1994M11,1994M12,1995M1,1995M2,1995M3,1995M4,1995M5,1995M6,1995M7,1995M8,1995M9,1995M10,1995M11,1995M12,1996M1,1996M2,1996M3,1996M4,1996M5,1996M6,1996M7,1996M8,1996M9,1996M10,1996M11,1996M12,1997M1,1997M2,1997M3,1997M4,1997M5,1997M6,1997M7,1997M8,1997M9,1997M10,1997M11,1997M12,1998M1,1998M2,1998M3,1998M4,1998M5,1998M6,1998M7,1998M8,1998M9,1998M10,1998M11,1998M12,1999M1,1999M2,1999M3,1999M4,1999M5,1999M6,1999M7,1999M8,1999M9,1999M10,1999M11,1999M12,2000M1,2000M2,2000M3,2000M4,2000M5,2000M6,2000M7,2000M8,2000M9,2000M10,2000M11,2000M12,2001M1,2001M2,2001M3,2001M4,2001M5,2001M6,2001M7,2001M8,2001M9,2001M10,2001M11,2001M12,2002M1,2002M2,2002M3,2002M4,2002M5,2002M6,2002M7,2002M8,2002M9,2002M10,2002M11,2002M12,2003M1,2003M2,2003M3,2003M4,2003M5,2003M6,2003M7,2003M8,2003M9,2003M10,2003M11,2003M12,2004M1,2004M2,2004M3,2004M4,2004M5,2004M6,2004M7,2004M8,2004M9,2004M10,2004M11,2004M12,2005M1,2005M2,2005M3,2005M4,2005M5,2005M6,2005M7,2005M8,2005M9,2005M10,2005M11,2005M12,2006M1,2006M2,2006M3,2006M4,2006M5,2006M6,2006M7,2006M8,2006M9,2006M10,2006M11,2006M12,2007M1,2007M2,2007M3,2007M4,2007M5,2007M6,2007M7,2007M8,2007M9,2007M10,2007M11,2007M12,2008M1,2008M2,2008M3,2008M4,2008M5,2008M6,2008M7,2008M8,2008M9,2008M10,2008M11,2008M12,2009M1,2009M2,2009M3,2009M4,2009M5,2009M6,2009M7,2009M8,2009M9,2009M10,2009M11,2009M12,2010M1,2010M2,2010M3,2010M4,2010M5,2010M6,2010M7,2010M8,2010M9,2010M10,2010M11,2010M12,2011M1,2011M2,2011M3,2011M4,2011M5,2011M6,2011M7,2011M8,2011M9,2011M10,2011M11,2011M12,2012M1,2012M2,2012M3,2012M4,2012M5,2012M6,2012M7,2012M8,2012M9,2012M10,2012M11,2012M12,2013M1,2013M2,2013M3,2013M4,2013M5,2013M6,2013M7,2013M8,2013M9,2013M10,2013M11,2013M12,2014M1,2014M2,2014M3,2014M4,2014M5,2014M6,2014M7,2014M8,2014M9,2014M10,2014M11,2014M12,2015M1,2015M2,2015M3,2015M4,2015M5,2015M6,2015M7,2015M8,2015M9,2015M10,2015M11,2015M12,2016M1,2016M2,2016M3,2016M4,2016M5,2016M6,2016M7,2016M8,2016M9,2016M10,2016M11,2016M12,2017M1,2017M2,2017M3,2017M4,2017M5,2017M6,2017M7,2017M8,2017M9,2017M10,2017M11,2017M12,2018M1,2018M2,2018M3,2018M4,2018M5,2018M6,2018M7,2018M8,2018M9,2018M10,2018M11,2018M12,2019M1,2019M2,2019M3,2019M4,2019M5,2019M6,2019M7,2019M8,2019M9,2019M10,2019M11,2019M12,2020M1,2020M2,2020M3,2020M4,2020M5,2020M6,2020M7,2020M8,2020M9,2020M10,2020M11,2020M12,2021M1,2021M2,2021M3,2021M4,2021M5
Consumo privado (total),56.58499168,57.50377286,58.28966242,58.08611835,58.6987103,58.30405896,58.13090065,57.83202142,58.35084599,58.31721705,58.05752691,59.67150181,58.93891415,59.55576587,59.43152095,61.36732796,61.21320778,61.87714332,62.0631202,62.34895456,62.40973456,62.94452676,63.2903619,61.41865243,59.57480641,59.15074866,58.3062939,58.33576252,57.4258826,58.15873075,58.17339735,58.57191558,58.55622391,58.1607632,58.46470976,59.09578568,59.6087535,59.31519761,60.28526264,59.64525203,60.00303087,60.43390664,60.90848705,61.09401283,61.56916011,62.13384274,62.8451055,63.04066325,62.79241787,63.97358192,63.68050276,64.8859719,64.79715196,65.99989567,65.52473917,66.16406015,66.19611383,67.25618718,67.78281928,67.51134058,67.47345663,68.57538397,69.97105236,69.14184345,70.02839008,69.64415015,69.93462346,70.25025888,70.27524079,70.19460175,70.24332206,70.47134989,71.4179907,71.61730005,72.07937736,72.35699713,72.65221555,72.39858408,73.29774203,73.21143359,73.6930943,73.58513597,73.22957654,74.74803412,75.8271421,75.54974028,76.10425015,76.70328957,77.34508029,77.98976891,78.80406922,78.03188847,78.979649,79.87983644,79.58828398,79.48007703,79.09569048,79.12532886,79.57366384,79.10200074,79.28276814,80.53243224,79.3896606,79.91846217,80.28862027,80.0302448,80.06717966,80.52452825,79.7971709,79.69109586,80.91685439,81.9447999,81.15411779,81.30923831,81.3709086,81.40110211,81.22018095,81.74931305,80.85065219,80.95870665,82.19549015,82.49042473,82.27025102,82.61031265,82.03597137,82.53610652,82.64060235,82.4934631,83.10510374,83.16256628,84.01006939,85.20975955,83.37011059,84.68618395,86.37198844,85.57602204,86.23790152,86.73618396,87.15756937,87.4257751,87.34036363,86.96384549,89.25730421,89.10759217,88.69527668,88.6417914,88.36217661,88.75585678,88.97814714,88.29299665,89.03185335,89.57374869,90.15749601,89.54768187,90.04306173,90.20469762,91.41011541,91.80745655,91.29162961,92.51496628,92.71306594,92.87874453,92.68041488,92.88238701,93.42063531,93.58558601,94.15937856,93.84472621,93.77541939,94.22045896,94.97076708,95.20433376,95.01703585,95.66642221,94.81281278,95.76434404,95.52212762,96.35776293,95.04095634,94.07988244,96.2947186,96.48088439,96.28886971,96.30321408,96.96762169,97.60646663,97.22303517,95.87592672,95.37314697,94.06431423,93.19505294,91.6959518,88.62665,89.48636532,89.80886034,89.03316563,86.12461383,88.5139648,89.90308264,90.94180836,90.36053757,91.3081464,92.177831,93.7004427,90.79922999,92.19339896,92.17896802,92.65055023,93.04176421,93.01473702,92.69262663,93.15742501,93.93634398,93.5831779,94.8607076,94.94827357,93.0329792,94.38927602,95.28969997,95.2528709,95.80273775,95.91549849,96.47033881,97.1094665,97.6340931,97.4877115,97.14075606,97.80550907,98.63895084,97.77367944,97.88969816,98.03597799,97.36264516,98.18147589,98.43960813,98.45703511,98.96392012,98.99171131,99.94689725,97.31307108,99.57874849,99.81773197,99.83019593,99.40777338,99.9543198,99.30015432,100.2964765,100.1492793,99.86126559,100.6923403,100.5040275,100.7901536,100.6603177,101.1302723,101.1628696,102.4436025,102.6320674,102.7445449,102.6704814,102.4463987,102.5570196,103.4643825,103.707133,102.9706301,103.7714581,103.7508154,104.2970309,104.5191177,104.6608501,105.1433931,104.7950231,106.6694185,106.6948474,108.101589,107.4138967,107.5091821,108.1331671,108.5141786,109.1470723,107.6382386,108.9113724,109.6526672,109.7410357,110.4038413,110.696085,111.4368783,111.1308117,113.6084369,112.9845045,112.8580492,112.4341719,113.2380052,113.3194685,113.8256874,113.6786742,113.940019,113.7258404,114.0580981,114.1200009,115.3218137,114.538299,115.2747499,117.2993024,115.8802844,116.9845513,116.6425464,117.3182017,117.5103396,117.0690244,115.9595313,116.4108357,116.180602,116.6779502,117.3030551,116.3621325,117.1209874,117.4176379,118.151302,118.2918528,117.6816917,117.6862825,117.1701213,116.7962531,115.9124545,116.3287044,116.3183764,112.5675689,90.35518924,89.14074524,94.79888595,99.96609665,102.1659121,104.3941884,105.8460982,108.6730603,108.3642062,109.1721621,108.6541278,111.8327523,113.1827412,
Consumo privado nacional (total),60.12813152,61.22333525,61.91806758,61.84745479,62.51494918,61.70647773,61.44437178,61.29259375,61.88455413,61.76305991,61.46474698,63.17485449,62.27617165,62.86393771,62.86132973,64.94222616,64.56572294,65.14128612,65.36580901,65.58132478,65.54977842,65.78995179,66.10097021,64.35181853,63.98493421,63.72918514,63.11964792,62.89068508,62.13309708,62.78017472,62.55759786,63.00232083,63.12311108,62.93307288,63.37334183,63.75198931,64.17387734,64.06764239,64.90535773,64.57447291,64.88552688,65.03153176,65.64308115,65.63914705,65.89056353,66.50690786,67.12315787,67.04954503,67.46618885,68.56436334,68.01402699,69.678107,69.36132894,69.97833979,69.70791472,70.22845285,70.49812427,71.59184512,71.77713172,71.05637981,71.33413755,72.74752158,73.84731413,73.33160356,73.9375954,73.82583418,74.03975239,74.48553763,74.36797368,74.58885975,74.89197418,74.92187114,75.22225515,75.44968646,75.78169531,76.34736158,76.63150035,76.50513078,77.48272098,77.6129468,77.99239093,78.1483838,77.84049862,79.06628033,79.88568603,79.60993523,80.25670753,80.25235707,80.89884615,81.15729514,81.8368287,81.51092798,81.8741007,83.01740866,81.78877807,81.92740351,81.90218223,81.80091523,82.17393727,82.15358241,82.17870593,83.22863197,82.25791813,82.71797012,82.95016724,82.82903648,82.72150769,82.93256228,82.74515561,82.43613584,83.45966044,84.22702009,83.49510856,83.5904497,83.90122904,83.81338639,83.79736545,84.23572584,83.36337166,83.55672828,84.09979354,84.69563532,84.4489121,84.5940148,84.44463823,84.91765453,84.87690365,84.77127112,85.38831004,85.50603869,86.42415864,87.28845583,86.61190004,87.19060656,88.45181283,87.77139056,88.11379131,88.62989379,89.21393645,89.24879981,89.25905371,88.90927862,90.74707072,90.41591313,90.68954531,90.25946132,89.9535685,90.24075283,90.63292682,89.43512132,90.26824549,91.22869512,91.73496936,90.97552626,91.28229603,90.58018211,92.55914021,92.82573106,92.4889153,93.82216584,93.68801855,93.99922239,93.87395458,93.76865366,94.22096126,94.04972549,94.14236327,94.03750205,94.80074442,95.30844498,95.81691347,96.01915776,96.04082548,96.31848399,96.16138709,96.58326108,96.42223447,97.39010076,95.58130896,93.55396433,96.83706285,97.29980666,97.14092477,97.45038752,98.07675953,98.57209416,97.89062156,96.99701545,96.39947275,95.32241352,95.06274799,92.22580073,90.89827609,91.77283238,92.21427761,91.1957589,88.41390625,90.45244162,92.09319646,92.94382723,92.62011251,93.62897675,93.91965432,94.2218505,91.94633681,93.55929398,93.51791694,94.32809458,94.37077917,94.5676473,94.23032856,94.66689065,95.64640833,94.89007745,95.99579043,96.13546987,94.0876089,95.73821254,96.75517266,96.6145521,97.11066158,97.10826325,97.85061804,98.19740613,98.84015289,98.96079714,98.42902074,98.63946911,99.37426645,99.03016828,99.040271,98.7833672,98.66963399,99.43721902,99.50376342,99.3920534,99.90215064,99.70369367,100.2057708,97.88499905,99.68185682,99.91767509,100.0211426,98.94080442,100.1042264,99.44519257,100.2396191,100.3259825,99.67112202,100.4029491,100.705586,100.9388557,100.7471917,101.140078,101.1378519,102.1360027,102.4581,102.8388807,102.6646624,102.3480875,102.4920742,103.0501227,103.5188252,102.798138,103.5844075,103.8304096,104.0300985,104.1628783,104.0687015,103.9930989,104.3560555,105.8989846,106.1023913,106.9663156,106.4409855,107.0518131,107.8781384,108.2400326,108.554702,107.455066,108.9774097,109.7705202,109.972699,110.352108,110.6516408,111.6756901,111.5524018,114.1175376,113.3007091,112.5581831,111.6497246,113.052531,112.5947154,112.9746526,113.2008116,113.5105584,113.2662611,113.701411,113.95036,114.7988052,114.2428757,114.9973452,116.3757955,115.3826024,116.6573166,116.1078101,117.1044085,116.7926335,116.5071688,115.2569568,115.8298294,116.0862883,116.2081215,116.6494614,116.0892522,116.2389215,116.8893925,117.7781239,117.2405113,117.0225982,116.1890241,115.5514135,115.8039804,115.411804,115.8946912,115.8486488,113.088104,90.82603162,89.91135895,94.94623999,100.1723593,102.2964669,104.695069,106.4467527,106.8322939,106.9132822,107.5423536,106.883246,109.4053803,111.8742946,
Consumo privado nacional (bienes),61.15230504,62.68717635,64.20213196,62.60879793,64.32475877,62.00605428,61.93879984,61.4960031,62.58922077,62.68930399,62.24448893,66.40309694,62.47926953,63.20276529,63.51450492,66.13674448,65.39111793,66.04299678,66.10926034,66.56387875,66.39128538,66.95904311,67.45141063,64.7453291,65.06876262,64.55245666,64.13915648,63.97733274,63.15944093,64.09584914,63.44259344,64.59377375,64.62907234,63.9199696,64.90395512,66.15515718,66.6373602,66.76223434,68.2391954,67.07626546,68.11153669,67.87263741,69.23687444,69.05326515,69.42671816,69.66711628,70.87169758,70.94913828,71.17660603,72.78955611,72.23574427,74.21599885,73.8374361,74.92202157,74.43406981,75.12253101,75.76807988,77.07227395,77.35856753,76.22819729,76.11518642,78.76117611,80.75021998,79.53785634,80.5688196,80.3454249,80.66560758,81.17100953,80.99409824,81.50945005,81.87412038,81.75891195,82.3755399,82.26511675,82.84772739,83.77176817,84.12317578,83.56637432,84.84413953,84.93856285,85.53464684,85.60974449,84.70064953,87.45536645,89.1064776,88.18245517,88.87503161,88.55905059,89.71228139,90.08549204,90.949538,90.22316225,90.4574986,92.5068958,89.97851771,90.40886378,89.92083135,89.2950393,89.73925528,89.63987266,89.81361764,91.72331473,89.44657521,90.63209609,91.11062669,91.28143794,91.03204175,91.31999188,91.2169724,91.04268919,92.85409052,93.3993454,92.2589435,92.13553228,92.98463943,92.58048534,92.35517561,92.81925794,91.37945821,91.3585097,92.2965819,93.41534276,92.88062748,92.67054361,92.24961071,93.12942038,92.69992767,92.63634473,93.33447706,93.25537188,94.30284193,95.17162124,93.73361195,95.23382418,97.17388939,95.45675445,96.1865496,96.73572568,97.33493719,97.21454349,97.05578088,96.54877464,99.5180918,98.62484911,99.27173217,98.3805866,98.01850524,98.6947372,99.46347885,97.09843075,98.98882088,100.5420262,100.9612514,100.0265881,100.4420449,98.09131234,101.69989,101.8057957,100.7968936,102.2682357,102.0875853,102.5203495,102.2601774,101.4946385,102.2101565,102.0642924,102.2244923,101.5636936,102.2448422,103.2964387,104.250395,103.7219445,104.4622915,104.9220315,104.0829886,104.9992457,104.5460908,105.787646,102.0625225,97.72385503,104.4942161,105.392475,104.5451909,105.1957441,105.9080722,106.3239186,106.3372342,104.9359008,104.0326322,102.6110191,101.8667737,96.07940724,93.16612546,94.61185389,95.9031592,94.9874542,92.74146897,93.27072495,95.07213637,95.99821866,95.94742669,97.84555604,98.48478565,99.60214695,94.44390151,97.6497054,97.10740466,98.55434476,99.03223286,98.95604545,98.14571492,99.08854747,100.6021024,98.78262299,100.4043247,102.0579748,96.84052823,99.99253317,101.8754224,100.9860733,101.896433,101.6914228,102.2284348,102.6516642,102.7388911,102.6507703,102.3768838,102.0584612,102.6880986,102.4850289,102.0784272,101.4628509,100.877387,101.9237319,101.3497578,100.9664323,101.2496219,101.0331235,101.293155,97.95180977,100.492809,100.8401759,100.4690965,99.58124515,100.0591235,99.042658,100.3918513,100.1209733,98.4771859,100.1851478,100.3658059,100.5120998,100.7064253,101.0198972,100.0928672,102.8308616,103.4906422,103.2697209,103.2167118,102.5029414,102.2716687,102.8911356,103.169436,102.005171,102.5249261,102.2172219,101.5977059,102.4078962,101.6842229,100.150443,101.3323273,103.307746,103.1611059,104.1705307,102.5938363,103.5063272,104.8289228,105.046719,105.3716795,103.6012442,105.2732724,105.9970226,106.6068842,107.4035808,107.6740282,109.1392212,109.2747294,112.9399036,110.7676565,109.8229317,108.6829483,109.6732862,109.3827271,109.6051589,110.318223,110.8071596,111.2511281,111.3693087,111.6653152,112.8636167,110.8856792,112.2050073,115.2051416,111.2888717,113.3195699,112.6168119,113.375707,112.7501858,113.0935723,109.9762535,111.2907938,111.5057268,111.3702955,112.7532366,111.3996766,111.0935405,111.9183126,112.8834188,112.7732838,112.0114781,111.454865,109.7776293,110.7249037,110.2201398,110.7703074,111.336973,111.4975563,87.62534921,86.46888096,95.13155238,104.3298881,105.2490074,106.288024,108.4464061,109.4637362,109.5143033,110.4723884,110.5026579,111.1484246,113.1717154,
Consumo privado nacional (servicios),58.79649794,59.40867975,59.98390665,60.43152943,60.81724304,61.0341122,60.70131268,60.75705808,61.07821856,60.80845028,60.86103971,61.17668398,61.76586009,62.15086783,62.58965838,63.16329113,63.63470508,63.90523876,64.2985557,64.44390525,64.69023397,64.54483991,64.86563156,65.32557139,62.60563062,62.60398926,62.56548291,61.03948939,61.06697513,61.24029427,61.38488614,61.27136397,61.68208936,61.79049219,61.92355339,62.19250167,61.63808319,61.43913076,61.82537479,61.50804123,61.59845526,61.92339053,61.94207846,62.1769927,62.42457861,63.02456219,63.35686718,63.53026983,63.71136282,64.19210658,64.00112074,64.72925376,64.80968584,64.83446009,64.84814149,65.2090397,65.2394591,65.78048921,65.9978814,66.12386855,66.55183898,66.61066721,66.86086753,66.87494526,67.1758245,67.09374977,67.41367465,67.63584489,67.71566623,67.33291122,67.68014863,67.94701264,68.1544031,68.4929718,68.62828502,68.7681279,69.00497424,69.28695035,70.09698128,70.02917666,70.25355184,70.52758909,70.71061821,70.43094334,70.88809268,71.20114633,71.49190789,71.71863298,71.93954998,72.09584422,72.67164334,72.57354264,73.09813834,73.13461364,73.37024019,73.15899194,73.97043665,74.21780578,74.52060787,74.34329232,74.37795773,74.71841694,74.83392813,74.74369811,74.46549846,74.22034614,74.23975655,74.31114345,74.1224824,73.81241566,74.21339505,74.60236506,74.71522063,74.90571144,74.63613813,74.9867003,75.05683832,75.4070132,75.33848451,75.44936746,75.69867813,75.90966432,75.9640491,76.21468685,76.58624867,76.5689993,76.78134985,76.88907424,77.24569689,77.85665929,78.45104429,79.16485409,79.16884526,79.23410402,79.58784287,79.91614006,79.9331008,80.31581602,80.98631267,81.09233342,81.32870764,81.5054764,81.73534545,81.87850881,81.85332074,81.90636057,81.81799875,81.81096278,81.5955682,81.64900001,81.45042037,81.78723709,82.09081676,82.03262013,81.88526483,82.62487243,83.20248868,83.62871787,84.11407435,85.39360347,85.30281159,85.42869441,85.28406717,85.80126173,85.98605174,85.9379988,85.97787563,85.92462678,87.31140455,87.01612242,87.28328355,88.30857094,87.7654008,87.89863393,87.79821107,88.05418437,88.13930198,88.72169936,89.03993213,88.95255506,88.9124413,89.35172861,89.58577803,89.63980402,90.83123222,91.01108874,88.98443272,88.89067432,88.61477596,87.74745201,87.97364928,88.29344476,88.36427626,88.49789687,88.17780086,87.31372918,84.71757696,87.95418722,88.90757429,89.66823582,89.19529913,89.18755202,88.95917252,89.00608912,89.14087195,89.20255992,89.78018699,90.03537737,90.19304637,90.47406458,90.13732439,90.02961771,90.21118222,90.70878738,90.92486122,90.87416412,91.12568859,91.32987864,91.3729844,92.36297578,92.52739542,92.73648294,93.31505932,93.70589911,94.48557571,94.92261123,93.7051169,96.00116899,95.85209356,95.95596788,95.88635614,96.14041828,96.70261015,97.07270989,97.39746988,97.91616658,98.11249313,98.28459366,98.59666173,98.33396415,98.78906956,98.87824066,99.05151033,98.74164322,100.684742,99.5264582,100.1577566,100.5789752,100.6904411,100.5516833,100.7897915,101.5791524,100.7774531,101.1870238,101.8342098,101.8438939,101.8272694,101.9241837,102.1637986,102.2389175,102.7474562,103.2676256,103.4492885,103.8490596,104.5386045,105.3882174,106.2378105,106.2233861,106.6604721,107.5214417,107.6730224,108.4671361,109.1638588,109.9301663,110.1461565,110.7382359,110.8076183,111.9834825,111.7923637,111.8055673,112.5076177,113.2538273,113.3754144,113.4608573,113.7932922,114.0984787,113.7719934,115.563625,115.5484797,115.5435366,115.5803913,115.8400856,115.7727395,116.1030353,116.0861622,115.9924091,115.4450428,115.6237439,116.2364587,117.0563986,117.8568607,118.4089462,118.2650489,119.0628435,119.6995972,119.4362526,120.7242074,120.5717365,119.7162947,120.3083956,120.5811461,121.0504392,121.6411095,121.6204052,121.4349456,120.7029078,121.6670242,122.2013452,121.9395912,121.4889536,120.8442509,120.5345565,121.1792882,120.980874,122.1024129,122.5670553,115.0096054,93.61536171,92.87644803,94.34782798,96.26090101,98.68443596,103.3521619,103.0009815,103.8399254,104.7975173,104.7882577,105.2585181,108.1478606,110.3020237,
Consumo privado importaciones,22.83034481,23.54076799,25.69113009,26.52877616,25.37096121,27.97357093,29.7255774,27.09408431,26.39919963,26.16495508,26.68890113,26.49762848,26.98303691,29.0673726,28.46759962,31.02349019,33.19790533,33.44261123,33.43569521,34.27040604,33.99146459,35.37802523,36.52845755,33.08078568,18.33011183,17.14998974,15.87569368,17.19407267,16.55583727,16.88481046,17.00510967,19.7220411,16.20359743,15.83071644,15.70554674,16.31410703,17.30026176,17.2727369,17.43858606,16.48029731,17.33768197,17.34553637,18.49370445,20.47453314,21.69720377,23.78240427,24.39733954,26.73449697,19.31956723,21.52052722,21.72197637,24.11359049,23.98444376,30.49108542,28.87449625,29.8104466,27.03898657,29.63839051,31.57255717,34.45394247,30.91724364,29.73501275,33.71782947,32.46417721,35.19842608,32.55362236,34.16421937,31.7950375,32.9041051,31.90585337,29.78342782,29.58940789,35.44674555,35.71099464,37.88003003,37.30265137,36.54485561,35.81504241,35.15959834,33.8369196,34.68387242,33.97273581,33.6950346,35.51222434,36.84853246,39.09397966,39.0954701,43.99648719,45.96862693,49.74333112,51.04576006,47.90193925,51.5760488,52.51137646,60.07194471,56.25140287,54.08779117,54.21799393,55.59177128,51.46140943,53.40595819,55.34001939,53.23486819,55.71205214,55.23953232,55.35751499,56.85966403,58.07593727,54.98282835,54.24727155,57.28322666,60.95680951,60.28995742,59.31081214,58.20888277,59.88652751,57.61925173,60.12521662,58.25494486,56.34351242,69.90511474,62.33471245,62.07650323,64.55433059,59.70661108,59.3124937,62.59912916,61.97380905,62.08350624,63.07620188,62.60010426,63.49513831,57.39028316,63.1330968,66.67862937,66.36578312,69.25626871,67.45359006,68.420142,71.16284871,71.07401731,70.29786117,74.42534984,74.03840049,73.26663701,74.47900786,74.18672502,75.06480823,74.44049152,77.4540497,78.10370356,74.54951255,77.05506181,77.56538158,77.71789959,82.28390299,83.00218571,83.50222431,80.75335675,81.33485601,84.41148289,82.35842857,82.08879222,85.443694,87.13277152,89.23078649,93.43348196,86.28191779,84.21422633,85.47276894,88.3793335,88.5246374,86.80805689,89.87064964,82.90051048,89.17570964,89.61618448,86.62182365,90.19112788,90.60373208,92.50973914,90.95947315,90.69893613,85.06168917,88.80051979,89.5879659,92.19101193,87.11977432,86.71628034,83.91677567,77.88896801,76.55813738,67.71688801,69.35153901,68.99770647,69.77629856,66.68005561,70.62272303,70.80950664,73.78536652,71.35874834,72.78193776,77.23415755,80.46077548,80.66369315,80.54246029,80.11080736,78.16382344,83.81837797,78.50292274,79.57469301,79.679686,79.98467709,83.35315473,83.29574656,79.44061257,82.51291125,82.62771555,82.58261165,83.06352074,85.93978548,85.57199034,84.78711729,86.15793981,87.22693708,85.68225453,84.24803912,89.4639623,90.18477282,87.23310643,87.96211945,91.85935852,86.54376785,86.61536912,89.58095575,90.16586956,91.20759275,91.17738768,96.43884334,93.07672893,97.31838471,99.04174115,99.46095147,101.6753777,99.43069554,99.98648624,101.1787643,98.98252282,101.015434,101.3001731,97.57436917,100.132954,98.95992924,101.1067087,101.2394577,104.3799139,105.2471737,103.7503975,104.5281669,104.220266,100.9062581,105.1753007,106.1284186,103.713711,105.3219718,103.0705202,104.6994846,108.493272,111.6666248,116.0986444,110.8787993,114.6095719,109.4396881,116.252726,116.2522776,112.3882704,110.0847907,111.6208034,112.778156,108.5043924,108.8176965,110.3960095,110.3046892,109.4201301,110.3401392,108.9007059,106.6478641,110.7985102,108.5289983,115.5469619,116.376351,117.3732197,119.7405634,123.1766594,120.1941353,117.1377206,116.4092702,115.3678366,115.5174276,122.4345697,115.9586624,117.6412255,125.0693353,121.5684079,121.2790976,122.1838044,119.425699,123.4397021,121.9399378,118.9195276,120.3184223,118.5882798,122.1212263,123.3545394,118.0007114,126.486018,123.5683149,122.8559704,125.9154195,123.8398455,128.7648673,129.0746383,123.1484547,121.3123521,122.229934,121.9391985,107.2177614,88.23469775,82.35894519,91.90603063,97.79757915,101.3868411,98.98029306,101.9559615,122.7360186,122.722521,127.1060598,125.6382193,132.3171045,128.4723474,
Inversión fija bruta (total),59.51624415,61.36818976,60.95255428,60.28335839,61.90707706,60.44981791,60.35162003,61.27999125,62.2747159,62.47144375,65.05824116,67.89603533,69.23518091,70.45752145,72.36008279,73.59722457,71.78261707,72.81578019,72.10126687,72.49236195,71.2502238,71.61596752,69.52275278,66.86259366,56.00608957,45.59431562,45.13930105,44.49795285,42.00244754,42.35323139,43.06184823,42.69511539,43.97435895,44.96808209,46.54843578,50.63680364,50.78947648,48.71687447,48.96091203,51.09594278,52.01304121,54.4755928,55.85535245,55.90862756,56.6376321,58.04930855,57.81273528,62.07321092,58.44006558,57.76476747,56.96714487,60.55321503,62.64099127,63.69028636,63.69735749,65.46557498,65.62933263,65.08928717,65.91265207,66.47557372,66.29060512,68.08484197,69.10389729,68.4482702,69.68383131,68.73790992,69.11152038,69.8935269,72.30606977,70.86336969,68.21160857,70.91625721,72.64664397,72.99883574,73.20973167,71.76461415,72.83650228,73.32952925,72.56793208,72.90711101,73.87425426,72.8241943,73.68708845,75.43561896,77.24694846,77.36100374,75.10795737,77.59101073,77.44579306,78.01528107,77.81272803,78.52584277,77.11517136,77.23834522,75.96156681,74.35507744,73.29963712,72.39037223,71.75224093,69.85884752,69.65509133,70.69633572,72.45260753,71.94812121,72.33940537,69.24753439,71.20486897,72.18969813,68.39003833,69.7610483,67.83397684,69.96989591,70.82404504,69.18822523,69.98962244,70.38062374,71.30571206,70.04302556,70.22795063,69.39427537,70.08523307,72.9374412,70.96451065,71.09758629,70.69234001,70.79924708,70.7282213,70.30647418,68.963987,69.81723299,68.5236648,71.08661562,74.83694135,73.39443401,74.83453609,75.90724266,75.5567868,75.73414711,75.68423899,73.73660325,74.62513634,75.89896231,77.02262019,77.16836254,79.41400612,78.73234521,79.70197817,78.50195988,79.29907911,79.58192665,78.46743597,79.61074183,80.3973703,80.17512539,82.65378071,85.26897727,85.19952527,84.59529091,86.66457092,87.18526589,87.09838603,87.3660253,87.25468037,88.58925037,89.58286718,88.65808893,88.94881995,90.44504206,86.9084057,90.48266996,90.78826103,91.49058202,90.52137941,89.86919264,91.76570155,93.54894174,95.6273767,96.30385069,97.34921668,97.1652357,97.52136601,100.5960844,97.83063328,98.39083258,101.0294894,102.6578509,102.6479248,99.1200425,96.87876105,98.21572079,95.27598955,92.88193254,90.10519153,87.88810432,86.82941316,85.91963085,86.65067096,88.07791897,88.33016783,87.08568279,86.1933344,86.75544755,85.92319344,87.68891014,94.05804016,89.69369671,92.02003786,92.88518971,90.60407646,90.368423,88.97015109,90.04834326,91.35906903,92.40509355,91.73338776,92.6988295,97.13936669,93.31423385,93.1474132,94.89246321,96.94240245,101.1739721,98.85705702,100.4022889,99.30531626,100.3149945,102.7980117,104.204598,103.0139315,102.4915549,102.8448252,104.03381,103.6801744,102.713011,106.1066207,103.1206741,105.0534467,103.8519947,104.8462613,99.3620026,100.8854224,104.1439717,102.1655558,100.282538,101.5159062,98.03320645,99.1478149,98.60707704,97.05843252,99.48307148,98.5266775,100.3692882,97.24319072,101.8770409,102.7443588,103.1237799,102.7723262,102.7876003,101.2293378,102.2491296,102.0935165,107.2544074,106.0183869,104.8814018,105.937306,102.3829919,104.7022246,109.3470992,105.8931661,109.4792119,111.3880912,110.8165385,111.7987871,108.4601297,108.0937723,106.0316736,106.0674297,108.6332793,108.0827699,108.1396544,108.2144742,109.0222875,106.4671109,108.9570703,109.9152327,109.4126571,110.6282469,110.1033174,107.8579766,105.1456781,108.4078083,104.4302222,107.9942906,108.8244452,107.6697544,108.4526651,108.5934786,107.0085857,106.108685,110.4496769,108.5833097,108.923054,110.8336597,109.526502,111.8681479,111.4616152,112.1233425,105.9864196,108.9131697,109.0347365,102.5323259,102.1293097,109.6551499,107.6714722,105.1088933,106.5247077,104.1120438,103.5176714,101.8786802,101.9403786,101.3532148,99.65609954,99.67645275,99.23609047,100.7367593,96.40854984,93.73077983,65.97391446,64.20814631,78.22623434,80.50220254,85.44298004,83.52613745,86.02491259,88.32567107,86.29948055,90.98676195,92.97821138,94.61877526,93.75543884,
Inversión fija bruta (construcción total),70.86332725,73.34467442,72.70049658,71.69622797,74.33848409,73.45764025,73.30567146,74.13073106,76.17425175,76.48737709,79.52221573,83.38198343,84.1842476,86.49399681,89.49749649,92.02524054,90.32445226,90.30122889,89.42896668,90.2938282,88.54569015,88.51217479,85.61986731,83.51298954,71.94774662,57.54012574,56.58349857,57.55555434,53.27537108,53.313302,53.08583144,53.53684982,55.02733846,56.49507844,59.97108246,65.65843321,64.54733916,61.44306967,61.08209603,64.08816989,65.99954646,68.77019303,71.67188396,70.60409989,71.11955786,73.43808832,72.59667853,78.29889162,72.25127168,70.3212226,68.24693554,74.47210349,76.66593733,76.13350513,76.23508849,78.51185416,78.14602265,77.18161328,76.13981225,77.45355359,77.16696654,79.79482187,79.61908444,79.6450896,80.70511788,79.83221661,81.53968294,81.57734043,86.52153437,83.54486026,78.64821103,83.15087138,85.4203987,84.65798264,85.4001314,81.51958122,83.05575644,85.85426868,83.81132698,83.33913811,85.8160203,84.28734367,86.3836054,87.72304406,87.39474831,89.68669629,86.75997378,86.52500251,88.79181943,88.03641155,85.95791916,87.52233928,85.80944867,84.51733745,82.93117356,81.62018564,81.83771417,79.82867229,78.93015838,74.84220975,77.57988925,78.22937623,80.88921797,81.93609514,80.97760917,78.27759109,79.4639108,80.99285535,76.77924547,76.70876736,73.90386141,77.50573732,79.25628076,77.7862156,79.4499959,80.32013259,81.02709161,81.05584805,80.36417514,80.52535779,81.71120241,84.54544243,80.49316882,81.57629058,79.73647501,80.42418431,80.94841137,79.47664374,78.57141104,80.43296771,77.02289064,80.77019338,88.44651625,85.24830679,86.76334025,87.29523742,85.97878495,86.85057145,84.93715903,82.56391483,84.13618388,85.16203073,84.78700516,85.04702779,90.329922,87.03717374,88.94156882,86.82020441,87.97992587,87.84419766,86.25511029,86.09087715,86.96978467,86.85024124,89.76082125,91.8220019,91.8108219,91.04072205,94.2681776,94.20119594,94.66896141,94.42227739,95.62251731,98.16709807,97.96438443,97.23210109,97.45070267,97.43649033,96.21959469,97.65343578,97.69032047,97.5727315,96.9081531,95.36447376,98.48044154,100.8148313,103.0013741,105.6499914,106.9724459,108.7584181,106.7602158,109.4550972,106.3042621,107.2134102,109.2167345,110.2244182,110.3426186,105.8465107,104.4375398,107.7872452,103.7824622,104.4422409,104.62668,100.2008428,99.94750275,100.8234464,102.4241977,101.6858187,101.8318185,100.0961239,99.54404772,97.34059146,96.57091717,96.9714681,109.1100571,99.4798159,102.8156174,103.9431601,98.93444347,100.2619828,97.89234224,96.47926134,97.80643296,97.76228512,97.00438093,97.45970322,102.0650482,97.68683794,97.34706752,100.1768458,100.582554,106.7108535,103.0063758,105.3417142,102.7763918,105.879889,110.0076786,107.9004177,104.4761636,104.9973355,104.473498,105.6754668,106.916046,105.1740815,109.5533905,106.0468841,106.9669039,105.5348388,106.7522546,100.5957149,102.4041463,103.38342,100.8219569,98.07528198,103.0161442,97.24531208,97.82910264,99.59233029,97.18601447,99.56873131,100.2910018,100.7724761,97.38033558,101.553727,101.4262837,102.9434829,102.0403404,103.0925241,98.870148,102.0045685,102.1446242,105.3364349,104.9982815,103.3285439,102.6799153,100.6664233,101.7410066,105.8328745,102.7143288,102.9040012,107.5004484,106.8030376,107.937665,98.24365215,101.231248,102.1222227,101.0385864,104.0234235,104.6568555,102.6260698,103.6033677,102.3841352,101.0949234,99.74701406,101.4997235,100.7408668,107.2057152,101.8202543,100.716171,98.65784282,100.7182905,97.02812895,98.40602354,100.3185957,98.9742335,98.92450403,102.8817918,100.180993,100.6358169,105.3031476,100.2375222,99.47376028,100.5779111,100.2285523,103.1776967,101.8388442,101.8345396,95.76957342,100.5740755,99.67540094,93.78250256,97.67187427,102.0209672,100.1245943,97.12210149,99.41855254,94.70445496,97.71214693,95.93194117,95.84330818,93.62219759,91.74497241,91.31361624,93.55885493,94.97412591,91.46017663,90.61643952,61.53233659,62.8205753,72.76854686,73.61395365,81.47272435,76.59488264,80.0582795,82.09094856,80.16893631,83.18057872,85.31907543,84.88518762,83.79470636,
Inversión fija bruta (construcción residencial),73.19685608,76.48192753,76.27482732,74.47756352,75.54680877,73.07986747,72.08979538,70.282404,69.99843979,68.39163035,68.42937221,68.71205872,71.2828745,73.62571652,74.51174578,73.524882,72.91009473,72.56764576,72.4105156,74.342479,75.12928681,76.38936247,76.20352954,79.00817592,75.47421452,65.08567465,65.22433379,67.54716303,64.95478823,66.15293917,65.62189788,67.06220477,67.74953193,68.84364275,71.95474597,76.40682474,74.90473857,69.97773594,68.41359061,67.79731111,68.84314012,69.92651608,71.53218557,68.51219727,68.65044879,70.29836871,69.03710356,73.87502503,70.68166017,69.39208544,68.1768523,74.55515903,75.93193758,75.12467855,75.66096809,77.3691954,76.32710484,75.15308432,74.14809473,74.33592924,73.70505159,76.27103861,76.46821153,76.22287196,76.40184349,74.89372485,76.45500345,75.94871805,80.38951287,77.62299487,72.90694512,76.49727339,79.55246702,78.39665429,80.17027464,76.10653373,76.86989088,79.35829862,77.34893841,76.82995331,78.5883899,77.79673783,79.42177763,80.21130044,80.90351259,83.0948095,80.06692122,81.05418805,82.32922879,81.81163383,80.6629502,82.37440084,81.05292821,81.2018988,80.04116968,79.60048529,79.12175431,78.23013249,78.31714057,75.59982324,78.72748135,79.53289252,82.82301632,84.54922317,83.31966582,81.39777617,82.62799199,84.46795923,80.49067055,81.84988102,77.28426173,80.65106941,82.65069349,81.86045055,83.46341878,85.38775313,86.1250302,85.77694929,84.82872285,85.84836623,86.37981464,91.53941583,83.55813262,86.56724786,84.96703787,85.59481795,86.80915449,85.44310765,84.74915191,86.87957292,81.16503462,85.44877766,97.84682138,92.61920386,94.62104927,95.669033,93.9399776,95.37846162,91.93513939,86.53563567,90.74012348,91.10089347,90.89883965,91.24611181,97.60466857,95.89850008,97.45421969,94.93542174,95.50312032,97.39983232,94.23422238,92.13531547,94.54369244,94.87223035,98.81567466,100.2048061,98.67691915,99.30176074,103.5541218,105.0251494,105.6745584,104.5769692,107.19459,110.2890204,111.9860389,110.5699473,110.2775674,110.8465966,103.2613719,107.531,108.6238173,106.3317792,105.2049653,104.7274617,107.3773462,112.6340871,113.6973884,117.8355338,118.8426702,121.7246643,108.8115349,116.1352743,113.8715266,114.706289,116.5543633,117.887129,115.7126658,112.4738525,109.1263252,117.9298497,109.7993079,108.5646538,96.90212071,95.31854317,97.07641148,96.60311659,101.3324748,101.8243396,104.513428,102.9458878,104.132754,100.3987508,98.94976042,104.4897934,115.0285494,102.0982584,102.6851255,105.816164,92.24440745,98.26403209,97.8275969,93.71771209,98.030776,98.5099899,96.0453451,96.51418175,101.7332176,97.42756008,92.66286394,101.9992724,99.71541632,110.7176126,104.1806841,105.450079,102.6733421,107.0286361,113.7940785,109.7343004,107.5664402,105.4309868,102.3982829,103.1627732,103.0577291,102.4836627,113.138547,106.2918966,107.4812759,105.6249574,112.5096751,94.79544168,101.2774956,106.9012118,102.8962323,97.80874544,104.2186416,97.61618423,95.12649037,98.36811421,97.89705664,99.41162332,98.65651421,100.1152122,95.61649159,104.6247507,105.1825996,108.8210187,104.7957861,105.3885092,98.75689581,100.1170213,99.90923016,110.3790286,102.0709934,102.8871146,101.2356345,100.3068869,101.8827539,110.9392731,102.0168923,104.4902519,112.1513705,112.9484808,118.1064101,105.4039401,107.2412827,107.7568082,109.295352,109.1784304,110.5595966,112.085565,112.4238579,112.0483401,112.2331571,109.8795983,112.3884927,112.8376679,119.5338128,106.7854087,108.4950025,106.5816784,112.7329079,106.6218054,110.9848405,115.3863451,112.0718657,114.8343556,120.0161906,117.64324,117.1038714,122.5093697,117.8387196,117.6492071,116.9613493,116.312179,119.1328687,117.5155664,117.7099953,107.0964722,112.6832438,117.4714656,106.8477341,112.2262559,124.3081948,119.985164,114.1299059,116.814266,109.2377935,112.6889668,110.729365,112.4535138,111.1757081,109.5597883,112.8032373,114.2566268,114.1833986,109.7906746,110.6221119,62.67285613,66.14525497,84.72416974,84.9962593,102.4340929,94.2038595,101.5814686,108.911321,102.4477208,103.5781781,105.6330456,103.2215819,100.7822582,
Inversión fija bruta (construcción no residencial),68.79446868,70.58889114,70.53347388,71.10401256,72.52988146,73.69883436,75.21758567,77.99197531,82.05891217,84.1912773,87.11924778,90.0541705,92.63846296,95.75014963,99.56247257,107.3458226,101.3712325,103.2554283,103.3628576,103.7185748,100.9510287,99.09265855,91.66134648,82.74193444,68.49880906,52.18048703,51.72596346,51.21131677,44.88916385,43.75611698,43.58889205,43.68323716,45.21665957,47.55446136,51.30356621,54.83713573,56.30343332,55.94504672,58.12728015,61.93061851,63.7146938,67.83631759,71.56218994,72.31364525,73.61230508,75.65635278,74.72276873,78.57936259,72.97008081,72.01749091,70.03554352,75.47464577,76.81506653,76.84238941,76.53135329,79.1560469,79.07722395,78.46602024,77.60407544,77.99340027,79.64088839,82.80921412,83.05261075,83.63736297,83.68712961,83.38174446,85.26324371,85.47982448,90.38247473,87.57907747,82.95368216,87.45381788,89.51789459,88.94488685,89.33046839,87.52244886,87.90919861,90.28661349,88.71628976,87.9228442,90.24951935,89.26946824,91.28959576,92.9376864,91.96840626,93.87446731,92.00239122,92.2733863,93.90265891,92.45602947,89.8932667,90.76539209,88.46760781,87.12548492,84.92391092,83.24663958,83.66874626,80.53925244,79.77987224,75.20897067,77.51507928,77.36224098,79.00684916,79.26180318,78.28207385,76.32981944,77.29084882,78.7659065,74.29327179,72.3083245,71.86583631,75.1684479,77.33201016,74.96826478,76.06131987,76.23437763,77.00651463,77.71490452,77.4457616,77.15764791,78.15913051,78.63205439,77.80379372,77.63944769,76.56725672,76.59499691,76.36347839,75.2558788,74.68764092,75.84922359,74.30349232,77.69690632,80.90728883,79.18562773,80.19704005,80.83997767,80.42948365,80.54639094,80.11182553,80.06605495,80.39055468,80.88705938,80.72699114,81.01301909,83.42328672,80.24395522,81.78332683,80.38049004,82.65565074,81.05456422,81.03991368,81.91434887,82.3085244,81.34840998,83.43623667,86.53036531,84.58078318,84.78927341,86.29523805,86.13321209,86.67155882,87.28451558,87.8103892,89.46645233,88.1467623,88.23154606,88.40111089,88.83146244,88.52382535,89.8270575,89.45445389,90.41648992,90.49476093,88.6375264,92.54380325,92.73223687,96.11218449,97.97049819,98.73858675,100.6784119,102.2718049,103.6630421,100.7454095,100.610417,102.636059,104.3148833,107.1546444,102.0749551,102.4075249,102.1310381,99.92853817,102.6760091,107.2240295,103.1970103,101.5142418,102.992373,101.6326804,100.9379874,100.8032708,98.84009241,97.69826512,96.79827435,95.52035449,92.40222028,102.128961,97.57825593,101.4731684,101.8535671,102.4388302,100.8824061,99.30752829,99.12795357,99.04692209,98.51704432,98.48931995,98.34227894,99.84796691,98.34501567,99.83157592,98.5292601,99.83208733,103.3431642,103.4294222,105.4821017,104.3468814,105.8503945,108.2780709,105.9441025,100.3839138,105.2654993,105.8451454,107.77016,107.8903495,106.9899179,108.2387257,106.0239722,107.3802543,106.0553678,103.357551,103.6122345,101.6373809,101.3054463,99.8212696,98.9492763,100.0547938,97.16840465,101.1432431,99.92326372,96.95851874,100.6626378,101.4755549,100.1053705,97.96010853,99.37452494,98.89266022,99.32003804,98.52761098,101.3090778,100.3718139,102.7200212,103.4731478,103.5111457,106.8685785,102.2167676,103.0691611,100.8655119,101.5721074,102.9785307,102.8289814,101.5819418,104.9836372,101.8120773,100.0544609,95.26572471,97.0633902,96.45998919,95.26127179,99.66650707,100.5046914,95.84614294,96.36363643,94.79203006,93.22646027,92.71824358,93.07446886,93.98576832,98.76130295,96.33268914,95.04418199,92.71444347,91.87053958,90.42901383,88.54898772,88.47693428,88.75052679,87.78609279,90.04261539,89.03641886,89.89361188,91.40038984,88.22959362,85.99323498,89.14226241,88.2502882,90.56094599,88.81300457,88.62999871,87.68549918,91.73745736,87.75936477,86.33502278,86.08177009,86.60646093,85.52677156,85.11896795,86.43596362,84.15334226,84.63521607,82.68406212,83.31660456,81.33728894,79.84934498,78.86777028,78.07927971,81.49077967,77.74058554,76.12348398,61.14564181,61.07391894,62.15768535,63.00804272,65.95917912,64.56994127,65.65363891,65.85076461,63.8118337,68.77115664,70.12615188,71.42976436,71.22972312,
Inversión fija bruta (maquinaria y equipo),40.49741539,42.42891995,41.56147267,42.66697704,41.74277357,40.32783803,40.25852823,40.17724335,40.82150001,40.24319133,41.35755703,43.99458957,43.55701543,44.73944607,45.05619032,44.75165192,42.63286333,45.28466943,45.12647609,44.60232708,43.60173321,43.79579865,44.63244379,40.22061801,29.52634257,26.22111523,26.73060781,23.6939466,24.95063724,24.86217153,26.86895375,25.83274836,26.31559985,26.20754284,25.7159434,26.59952576,28.86339534,28.72569323,28.84854197,30.38562276,31.04615391,31.35038366,31.66936955,32.02621259,32.49882452,34.22987303,34.43335342,35.9081534,36.70742859,37.4463909,37.38164366,39.49557079,40.60928996,43.34668181,44.45873913,44.53351664,45.80434097,46.55058119,49.08355077,49.11153092,48.71929523,49.23511388,51.8878135,49.90481005,52.32068254,50.88221357,49.9052333,50.59861872,50.85749043,50.79561879,50.60815323,51.76946344,52.9071459,54.08116124,55.2538485,53.53062058,55.75445167,54.65778162,54.27541346,56.08722165,55.42750043,55.41952462,52.97027563,56.10034692,61.4810771,58.33312058,57.03572945,61.47995883,59.60737726,61.92838942,64.15059999,65.05340017,63.71697642,66.60115991,63.87627727,62.44512891,61.51476617,60.70636381,59.58445036,60.12768681,57.0062132,58.88131246,58.65280221,56.59027544,58.5052368,56.29312758,57.14619446,57.06480332,57.04428319,58.85103476,57.99608022,56.39148134,57.47813384,55.50208055,55.23220624,54.15870188,54.95231882,54.16903461,54.0428648,50.95559078,53.77898952,53.7374073,54.35414748,54.60279796,55.73003392,54.84131898,54.91748881,55.79197779,53.17551679,54.24640478,54.86016,55.243004,54.69377271,54.16655314,55.50787803,56.78590772,58.13188803,58.89111613,60.5283346,59.41876132,59.84230754,62.02503941,63.63936578,63.74211748,63.67774707,64.84712065,64.8802266,65.09497403,64.87206035,66.25861583,66.27197382,69.54097211,69.84396611,69.59422976,71.88361083,72.69571422,76.96412769,73.6339974,74.97591861,75.97116516,74.91955842,75.16746466,73.16805044,73.9502,76.75213347,75.5725997,75.98105577,77.88986757,74.18948876,77.91717415,79.17517548,81.63611809,80.27405559,80.74200788,80.38092177,82.41916343,84.64933451,82.84812035,82.65045074,76.37274261,84.08548733,85.64016309,83.09609535,86.21736114,86.92771237,89.53262821,90.33628618,89.16655529,84.7090958,84.53147148,83.46527015,73.74884,65.70505628,66.08241336,64.9749992,62.82038353,61.08450085,65.98756549,66.82169801,66.50618293,66.23745015,70.27688706,70.16625492,72.80379511,68.22587638,72.51559939,76.19130807,74.2834114,76.60689586,75.57721525,73.72163357,79.8515066,81.27203503,84.57457174,83.90488913,85.05955766,87.66739249,85.87260672,86.25285554,87.90682236,91.22363331,92.22063566,92.18917413,92.88160597,92.94546291,90.5005339,93.54720264,97.83394934,99.9464521,99.59843129,98.88668066,101.9648229,99.66670566,98.64650546,99.7319049,98.95152515,102.307544,99.62772194,101.9893228,97.13677767,99.09272476,106.4441681,105.1824318,102.5926384,100.3519809,99.73760085,100.5760748,96.7482623,96.46316291,97.33015007,96.91387383,99.65234108,97.76691734,103.4809537,103.5418351,104.4091571,104.2200083,101.9404873,104.334308,104.281242,101.3270806,107.7624162,109.6303,107.4148877,111.3008007,106.1499594,109.6549932,113.1084994,112.5141707,118.4517653,116.7744911,118.3911866,119.1223627,120.7555974,120.4523185,112.6636004,115.2473821,115.3367805,113.3223228,116.1116935,115.2827943,118.9792611,115.4319353,124.5506669,122.7514248,120.8354567,118.9578228,123.3833694,118.4907314,116.5463688,118.926096,117.480424,121.904505,120.5426288,121.4554726,125.1465238,118.0872219,116.5473445,116.73789,121.4472909,120.2594466,125.0001695,125.9368183,122.9936134,124.3438924,125.3025885,129.1466711,124.1858099,123.5581384,122.9739286,117.246236,111.1772705,119.8682927,119.3094322,116.7045727,116.5707554,117.8047822,111.5067308,112.7473652,113.3393149,113.827513,112.3823728,114.5545081,110.5850751,107.6813018,102.357385,96.30049789,72.75406635,66.77950697,83.99633938,93.23107655,93.48984852,95.66051691,95.89181361,99.02965347,98.09923048,102.6688904,104.500374,108.0371188,107.2240814,
IGAE,61.61097405,62.59209073,62.35363609,62.4974198,63.01524023,62.53831797,63.21845962,63.04845303,62.81728626,62.89608171,62.64849371,63.90667513,64.31152426,64.43259765,65.05233421,65.94919721,65.86419463,66.2983878,65.76090219,66.17273964,66.57644898,66.87925659,66.61849759,66.18765603,65.98604687,62.04179959,61.46964,60.86492627,59.66860705,60.57852892,60.82923263,61.34884274,61.79920087,60.01029742,61.94614272,64.43368351,64.74795721,64.17746386,64.40652272,64.70964053,64.9661348,65.72659224,65.92711988,65.91181991,66.50752932,66.90370155,67.5349952,68.26925064,68.08714069,68.13691672,68.43310883,69.29609226,69.78070334,70.52214711,70.34076491,71.09576945,71.38912468,72.31912036,72.56740557,72.39681496,72.72325172,73.60940289,74.35774257,74.25866593,74.15323322,73.54290614,74.38117886,74.46664932,74.1166936,73.85180909,74.22808998,74.61801848,75.40000389,75.23830443,75.81330598,75.15814826,75.88533053,75.34395628,76.30010527,76.01244474,76.52759233,76.51442599,76.75696741,77.26437835,79.33940634,78.84571973,78.7174229,79.35970427,79.81788757,80.31470067,80.42265203,80.55389496,80.6561591,80.4752327,80.15958125,79.79147782,79.77765981,79.62688051,79.54169837,79.34911275,79.17905471,79.50235488,79.68481979,79.98934553,79.76071478,78.75417945,79.33200059,79.29776079,77.94540806,78.53014358,78.86500348,79.23765326,79.48962448,79.28589294,79.55952171,80.08111288,79.96690215,80.26968267,79.52052095,80.00653308,80.07135269,80.80724559,80.12955464,80.24796506,80.02664317,80.59900638,80.69266106,79.99163583,80.20996925,80.49642786,80.78583757,81.71729457,82.19022097,82.44702168,83.43966186,83.31199581,83.8047714,83.61702742,83.21810392,83.44458867,83.61000706,83.90869272,84.64801723,84.4727948,84.54472248,84.79353966,84.52244313,84.94004832,85.9680799,84.50859133,84.85743389,85.94154764,86.13647571,86.2284839,87.11412942,87.61951489,89.05462192,88.30963152,88.22417145,88.84941376,90.27907416,89.34657076,89.49313326,89.74712699,89.70305655,90.13947286,89.61269359,90.14096651,90.04671109,90.30675625,90.47817414,90.99354022,91.55151587,91.74751008,91.86992201,91.81360064,92.28033041,92.55543785,91.91247188,91.87436386,92.39992253,92.38289275,91.4932912,92.91334794,92.74374622,93.38170934,93.42584564,92.38241626,92.0739078,92.7426664,91.03308811,89.78018946,86.88152247,86.57188872,86.23991999,85.39099436,85.08798907,86.37891448,87.95006654,87.53285311,87.95093916,88.88230543,89.44053963,89.6361702,89.81842368,90.20109079,91.22815777,91.26643775,91.43801761,91.47101865,91.82269397,92.05224734,92.4365653,92.47961904,92.58472484,93.2623943,93.36851039,93.62504377,94.06965348,93.46288013,94.53310507,95.07908454,95.52289938,96.05856458,96.22424312,96.19989534,97.12117592,96.8013397,97.32509584,97.55658938,97.902436,98.32301481,97.79172877,98.66461657,99.16733293,98.69347519,98.91732791,98.95830186,100.4142301,99.48377718,99.51418751,99.52025588,99.60796596,99.1581701,99.82272529,99.59415455,99.60974461,100.3343366,100.4115719,100.6743818,100.6318104,101.1568252,100.2586019,101.5905128,101.5923963,102.3396865,102.8631675,102.5992179,102.9799398,102.7218796,102.6262766,103.8381861,103.9535679,104.1027518,104.1233794,104.428601,104.5155536,106.1337376,105.2558343,105.6876293,106.5268401,106.6018684,107.654857,106.7615991,106.1343893,106.4639597,107.0351264,107.5054647,107.2741879,107.3663102,107.735673,108.3210731,108.2823117,108.2263118,108.9073014,109.2401894,109.5263394,110.3127259,110.4146274,109.872984,110.4310232,110.5349892,109.8778011,111.1174205,110.0485972,110.9490011,109.4699115,110.8819966,111.5453359,112.9078389,111.7522201,112.3344467,113.2852703,112.8816488,113.2975297,113.2136742,113.4797366,113.5181549,113.0322697,112.7755492,112.8129323,112.3442749,113.2114324,113.3656019,112.4857841,113.1459824,112.8972692,113.0666166,113.1126731,112.9801749,112.5081191,112.120011,111.555947,111.8811494,112.6553942,111.4526619,109.5433787,90.7739766,88.6103397,96.58485139,101.8514713,103.4739988,104.7819325,106.6142119,107.2729719,107.5115646,107.9368563,107.2832496,110.1320606,110.323862,110.9882822
IGAE (actividades primarias),71.12421566,69.73761416,69.72193347,69.4494766,69.3387606,66.67862704,80.66866217,71.51581305,71.61794978,72.58565186,68.71156363,73.92218413,65.05892286,69.82611573,72.04093833,72.00008989,72.40698809,76.04723126,66.06769631,71.70383669,69.33476406,78.76238979,70.69652613,71.49464219,73.50577155,60.27903785,69.11879484,76.16635734,60.79089593,70.71552529,70.66631723,83.76013374,74.8930983,72.06482435,72.98668974,83.02435091,73.92142131,72.72640541,73.9081919,70.73343648,71.44086842,74.33224871,79.58780062,72.92122352,73.95126745,74.452008,86.40505243,74.33464659,73.51106827,71.5974188,73.00420982,74.58135942,77.03665237,72.08683467,70.15422217,75.15788039,74.41552471,85.13113544,80.29951618,73.19787139,66.78362111,80.5649987,81.58436691,78.35041909,71.83388382,76.4974595,82.62701719,81.25731654,79.98765717,77.04776522,77.25971991,77.79722137,88.27717281,81.96664328,81.17180739,75.04088419,79.328058,67.87527334,81.75749206,75.53395265,78.66997382,75.41182772,76.49154708,77.88471547,88.43313628,74.48717414,76.03765753,75.58752211,80.62654474,78.31311636,73.46189779,75.65905218,76.80241361,81.26270539,76.48312479,84.09257325,80.24194952,74.50463306,81.34268445,83.67423799,83.15707561,85.43566129,80.21138434,88.04605017,85.26669699,85.60354032,90.73736088,83.14468946,81.99720576,82.0873079,81.93995838,84.10517923,83.56165439,81.11733382,83.8356383,85.98357865,84.08413506,86.11183688,82.68965507,82.05781963,83.98295767,83.49171853,85.67067188,85.21248706,83.27532817,88.52894089,89.34867962,85.9752544,88.46481106,79.39631102,88.69735504,88.38552747,93.36933034,90.82202048,89.0929954,87.48585133,86.28893932,85.96468959,85.6235185,83.72070667,86.08442736,84.44760058,92.4448425,90.44218503,85.87306018,87.33858518,85.09417151,86.50951261,84.58352896,74.72433124,92.97714869,88.73815993,86.59408831,81.13965967,85.83367127,82.53764386,95.34362285,87.12667527,86.12452688,88.16908287,90.1189724,88.75031441,88.30143187,88.57060446,90.3562789,92.52011855,87.94149236,100.0904448,92.72348235,95.203031,95.6200353,91.2346634,92.76452362,96.8704158,94.02260335,95.98872751,93.82959747,97.57107628,101.1790446,86.15175948,95.70923838,92.99739228,91.5897904,92.48631988,97.0530332,93.71706026,97.95254104,85.92764208,91.89317537,98.57967302,94.44394151,98.48723012,97.84320603,86.84005268,95.30800733,93.93975479,91.28563873,93.29184207,90.59743478,88.92865922,90.67538965,91.38048157,92.77731073,94.31926118,90.74692161,94.58223168,92.78283237,98.48192687,98.85552672,94.56613285,95.38487858,93.5199598,100.2165377,94.35996731,95.92424491,90.60567135,92.75220085,87.24386278,101.3699956,85.8766093,87.45878278,80.23890094,94.18300127,98.44603956,95.30038446,92.50640893,94.11826539,91.17175837,92.92091713,93.52316975,105.2486568,92.97673875,92.36829196,99.60813383,96.54577179,99.48058445,94.2366949,96.14928048,106.1549218,98.6534049,98.87974754,95.94928288,95.37178682,99.0738437,99.10919224,100.1995983,100.4235914,97.18655432,100.2312992,106.7163293,101.781225,102.6511357,95.00516332,105.0923046,104.4791062,100.7008575,105.6251969,101.0684036,107.6583114,103.3854243,104.0297535,103.9057402,103.7332764,105.4475785,105.6026282,104.6293742,104.5904283,105.9640255,111.2872001,98.0242445,102.3399024,106.0197345,107.1094411,105.5384201,100.4475638,107.1709707,105.332,108.0490098,103.7614552,107.0521588,105.3724489,112.3291501,107.0395482,113.8992447,110.0929104,108.8251242,108.5787545,111.178787,115.9526704,103.9504542,109.2620526,110.4407268,107.1579414,117.9070817,111.3169482,111.2445549,112.5058533,112.5114179,116.4357596,113.764749,116.6405983,114.5661548,115.2164702,116.0374804,117.1612451,113.620973,112.9096119,113.9423852,111.6475652,106.0595382,119.2465485,118.203388,115.8646895,122.1379145,115.351547,115.6000358,115.2923146,115.3046375,115.4470734,112.9723818,115.5231652,113.4714221,112.8653265,115.3313211,114.7005445,109.8530844,119.7358541,115.1563735,113.7951118,110.0258162,123.5988034,116.3175989,117.8880657,119.6424852,118.3544102,113.127148,117.261701,118.2257461,119.2071616,115.3761286,125.1228329
IGAE (actividades secundarias),69.5364938,71.04893626,70.99683968,71.08454833,71.62337704,70.68978302,70.56279738,70.52562276,70.66829781,71.21159872,71.696498,73.00026839,73.59132456,73.71413565,74.67480521,76.99944153,74.86795642,75.32455599,75.30155332,75.86515116,75.62983625,75.27967608,74.77450128,74.30894246,73.67101973,67.81644265,66.68526033,65.84028291,64.91534201,65.09842448,65.4387744,65.69806831,66.33847523,62.075153,67.3752949,71.96949582,72.5479811,72.43461917,72.52869531,73.33111223,73.68162417,74.78924592,75.0472194,74.64641497,74.89813067,76.20682042,76.86104868,79.08606175,77.24885967,77.74921595,77.78543825,79.34443993,80.1232492,81.04130716,81.02799666,82.10873991,82.20079342,82.98416194,83.1184286,83.25415124,83.75261678,85.30839728,86.0286002,85.64372681,86.20369329,84.9367248,85.5447998,85.58984366,85.26216048,85.24772619,85.86513407,86.58903164,87.01684124,86.65579573,87.16203658,86.51167933,86.69868231,86.08149617,86.68440052,86.22644794,86.75982445,86.65792965,87.51608683,87.64028416,89.50370142,90.09142892,89.93203356,90.31887471,91.11999753,91.67716549,91.33989176,91.66075048,91.55844382,90.61559178,89.81408972,88.62047266,89.99593383,89.58853723,88.95189432,87.03704972,88.03268508,88.61442456,89.22464785,88.98177188,88.97209488,86.8361977,88.51212751,88.43901874,86.51178164,86.08976046,86.15456226,86.94380276,87.05110509,86.84394282,87.08096334,87.80098979,87.75991881,88.54893427,88.29451919,88.23221816,87.29289209,89.21927787,88.22005228,88.29694419,88.38011194,89.02611281,88.9625655,88.81912047,88.6651017,89.12210508,89.14401652,90.5651721,90.8693072,90.56760709,92.30239122,92.38641885,92.13400818,92.27129301,91.8686164,91.81153708,92.40726401,92.8701705,92.8904707,92.81525288,93.29491864,93.20519424,93.28297132,93.5742458,95.16270357,93.45314887,91.636136,94.35612638,94.37741312,94.4012939,96.2030703,97.86086698,97.31844314,96.53707608,97.5328808,97.80625421,98.87442354,98.39379061,98.44650166,98.85844246,98.77948619,98.51615515,98.58630814,98.22566089,97.54957939,98.41906655,99.323506,99.05300337,99.12558346,99.5843725,99.43514358,98.25198272,99.68272434,99.40045795,98.63611904,99.60181155,98.53828556,99.87776223,98.73864319,98.30854163,98.42021057,99.63992376,98.01854618,97.72276234,96.78351508,97.62859836,95.59428594,94.54161026,90.61583075,89.74680931,89.25469415,89.47255683,89.15145918,89.13054676,90.90353277,90.41748188,91.14132557,91.92552917,92.76391915,93.04655792,94.44655358,93.05001867,95.0409419,95.29115315,94.76880603,94.6296552,94.49905121,95.21553741,94.76650875,94.8809941,94.60601596,95.75439305,95.5946335,95.11197481,95.59040847,96.15622487,96.94650735,97.8643556,97.88420531,97.80108319,97.26100406,99.08314494,99.7999962,100.4026911,99.14151506,99.18869389,99.52559466,100.1514348,100.1096022,100.554084,102.0325614,100.3064141,101.0257249,99.80691436,100.6324587,99.49413015,99.86978908,100.4719803,100.0933511,98.85516174,100.2006306,99.18461749,99.71645909,100.428089,99.71184876,100.6432323,100.3131962,100.9629741,100.817252,101.5622565,102.1654212,102.9381219,103.1609804,103.2065396,102.2134008,102.2541971,102.6970258,103.5696157,103.1671352,103.4081594,102.6239307,103.2137223,102.6797965,104.0975076,102.7538885,103.2681833,104.5223325,104.5976075,106.0279701,104.0370485,103.3376057,103.8709699,104.2469996,104.5125712,103.8688862,103.5583398,103.9964041,103.4560461,103.740429,103.5976186,103.7118067,103.9032275,104.8515316,104.247825,104.4478854,103.98638,104.8202944,104.0140758,103.7237734,104.1783065,103.3325552,103.7594331,101.9466411,103.8965557,103.9550541,104.7838737,104.3684271,104.6397424,104.9313447,104.4860344,105.7513098,105.2653953,105.1715834,104.0707216,104.4925668,103.5441873,102.8797333,101.7592735,103.3620759,104.3601114,102.1799258,103.6570709,102.3016121,103.0072657,102.830852,102.8247385,102.2618832,99.85189883,101.0387692,100.8423406,101.8724338,101.3661407,97.47498106,72.70366425,72.32386358,85.59813412,91.50383227,94.42866292,95.00221627,96.55868636,97.4236638,97.52133385,97.95597507,98.21044457,98.88760125,98.6309863,98.76863464
IGAE (actividades terciarias),56.91945875,57.60836328,57.44581887,57.91276486,58.00765252,57.90485003,58.59743531,58.1951458,57.75931476,57.79529777,57.44719798,58.29184329,59.26371726,59.08353077,59.54754474,60.13938931,60.67068129,60.85471447,60.76852569,60.31668669,61.1447108,61.60255661,62.06781111,61.47520846,61.42046081,58.97158621,58.29554037,57.59014197,56.74149489,57.607166,57.92749985,57.8984199,58.47713824,58.31836743,58.52751092,59.16475749,59.93812163,59.29452918,59.50855639,59.91658936,59.94703789,60.38990894,60.3969389,60.84029767,61.17617275,61.38249387,61.71852219,62.09896609,62.60040994,62.79354913,63.00334978,63.56637814,63.89011768,64.76769042,64.54418114,64.83298748,65.16462698,65.93726972,66.5955992,66.52013004,66.9667189,67.02336452,67.48117225,67.71093489,67.75014411,67.34674045,67.79576943,67.94022574,67.70452223,67.68172742,67.86434142,67.89703275,68.42096016,68.77862079,69.21083198,68.86517744,69.79286967,69.89619631,70.24807309,70.38063536,70.79402645,71.22063791,71.19221007,71.46095421,73.44815259,73.08791661,72.63703308,73.34390806,73.72689735,74.2551001,74.57538015,74.48940046,74.96148772,75.04434555,75.2421327,74.63811153,74.41250407,74.34956447,74.45529517,74.69497766,74.22308758,74.29391667,74.29720184,74.50283677,74.4801468,74.09657165,73.96929448,74.0665673,73.11686991,74.01408692,74.8925356,74.74993806,75.1281737,75.04640909,75.21982736,75.50360012,75.51261601,75.42186134,75.00802058,75.48778764,75.89856862,75.83392045,75.56279648,75.4890486,75.22219401,75.57509701,75.69193514,74.86211456,75.38730138,75.77379261,76.07291175,76.65902035,76.77518419,77.29289616,78.52586703,78.12556127,78.73221253,78.85397921,78.53786827,78.8740215,78.59913145,78.96368427,80.08912454,79.73548303,79.44878451,79.90732552,79.95165839,80.24384015,80.5545592,80.22659981,80.84072315,81.22026581,81.64806656,81.90144216,82.4663278,82.68852662,83.88010049,83.77230322,83.53915146,84.09079983,85.18672142,84.6576059,84.63079288,84.72367184,84.77864922,85.20324187,84.91090615,85.31852382,85.50543586,85.59992673,85.88760514,86.75536318,87.08868167,87.48076173,87.43816034,88.02301518,88.1488004,88.20097819,87.93543453,88.12892032,88.63346403,88.29920866,87.79233063,90.27551619,89.48976666,90.07215205,90.34074573,89.6333977,89.64274106,89.3351595,88.49910263,86.78691601,84.32684019,84.59689324,84.34997648,82.9347492,82.61898906,84.64022017,85.96310703,85.75990351,86.08732936,86.92344403,87.52241508,87.57199488,87.32813436,88.07444083,89.0990887,89.05002549,89.34119241,89.52057357,90.16225365,90.25141884,90.62550599,91.06397653,91.38882825,92.16427434,92.24475643,92.77173115,92.89222859,92.71497038,93.74690459,94.16338746,94.41502537,95.05824062,95.41138536,94.93024293,95.75952431,95.40266673,96.58253342,96.64851355,96.86026801,97.5607401,97.00855614,97.54584711,97.8679881,97.84290611,97.48170437,98.79324775,99.77726056,99.54018305,99.34665288,99.14636507,99.65517155,99.37260614,99.83450488,99.64365063,99.68493818,100.4651802,100.3638696,100.4412006,100.6939911,101.1104424,100.2759424,101.5418251,101.3454372,101.8925937,102.8851079,102.2216699,103.1432735,103.0768292,102.272343,103.8454709,104.2753054,104.2713763,105.0529268,105.2019753,105.7398628,107.0304501,106.5678454,107.3927126,107.7699702,107.788773,108.2434193,108.3592583,108.0127208,107.5137421,108.7136078,109.2730955,109.3672376,109.5816081,110.1383864,110.4752476,110.8378632,110.6855777,111.5815673,112.1692482,112.2620186,113.2760091,113.2308224,113.3893988,113.6119615,114.0510991,113.6425028,114.37645,113.7764747,114.7186928,113.5663081,114.6239204,115.5121835,116.9455943,115.1908689,116.5710506,117.8024161,117.2552646,117.4239845,117.6026901,118.2066391,118.5127817,117.7654306,117.8065807,118.140367,117.4372861,118.0440898,118.1745254,117.9169632,118.1100434,118.7292103,118.4515785,118.9607991,118.5051988,117.9866214,118.0940204,117.62406,117.5564255,118.0594736,117.5870291,115.3728329,99.19530611,96.30628862,102.0691944,106.9548298,107.8897214,109.6285969,110.8291647,112.1110165,112.5246772,112.6369371,111.9756722,115.3685676,116.2366981,117.1244707
IMAI,69.5364938,71.04893626,70.99683968,71.08454833,71.62337704,70.68978302,70.56279738,70.52562276,70.66829781,71.21159872,71.696498,73.00026839,73.59132456,73.71413565,74.67480521,76.99944153,74.86795642,75.32455599,75.30155332,75.86515116,75.62983625,75.27967608,74.77450128,74.30894246,73.67101973,67.81644265,66.68526033,65.84028291,64.91534201,65.09842448,65.4387744,65.69806831,66.33847523,62.075153,67.3752949,71.96949582,72.5479811,72.43461917,72.52869531,73.33111223,73.68162417,74.78924592,75.0472194,74.64641497,74.89813067,76.20682042,76.86104868,79.08606175,77.24885967,77.74921595,77.78543825,79.34443993,80.1232492,81.04130716,81.02799666,82.10873991,82.20079342,82.98416194,83.1184286,83.25415124,83.75261678,85.30839728,86.0286002,85.64372681,86.20369329,84.9367248,85.5447998,85.58984366,85.26216048,85.24772619,85.86513407,86.58903164,87.01684124,86.65579573,87.16203658,86.51167933,86.69868231,86.08149617,86.68440052,86.22644794,86.75982445,86.65792965,87.51608683,87.64028416,89.50370142,90.09142892,89.93203356,90.31887471,91.11999753,91.67716549,91.33989176,91.66075048,91.55844382,90.61559178,89.81408972,88.62047266,89.99593383,89.58853723,88.95189432,87.03704972,88.03268508,88.61442456,89.22464785,88.98177188,88.97209488,86.8361977,88.51212751,88.43901874,86.51178164,86.08976046,86.15456226,86.94380276,87.05110509,86.84394282,87.08096334,87.80098979,87.75991881,88.54893427,88.29451919,88.23221816,87.29289209,89.21927787,88.22005228,88.29694419,88.38011194,89.02611281,88.9625655,88.81912047,88.6651017,89.12210508,89.14401652,90.5651721,90.8693072,90.56760709,92.30239122,92.38641885,92.13400818,92.27129301,91.8686164,91.81153708,92.40726401,92.8701705,92.8904707,92.81525288,93.29491864,93.20519424,93.28297132,93.5742458,95.16270357,93.45314887,91.636136,94.35612638,94.37741312,94.4012939,96.2030703,97.86086698,97.31844314,96.53707608,97.5328808,97.80625421,98.87442354,98.39379061,98.44650166,98.85844246,98.77948619,98.51615515,98.58630814,98.22566089,97.54957939,98.41906655,99.323506,99.05300337,99.12558346,99.5843725,99.43514358,98.25198272,99.68272434,99.40045795,98.63611904,99.60181155,98.53828556,99.87776223,98.73864319,98.30854163,98.42021057,99.63992376,98.01854618,97.72276234,96.78351508,97.62859836,95.59428594,94.54161026,90.61583075,89.74680931,89.25469415,89.47255683,89.15145918,89.13054676,90.90353277,90.41748188,91.14132557,91.92552917,92.76391915,93.04655792,94.44655358,93.05001867,95.0409419,95.29115315,94.76880603,94.6296552,94.49905121,95.21553741,94.76650875,94.8809941,94.60601596,95.75439305,95.5946335,95.11197481,95.59040847,96.15622487,96.94650735,97.8643556,97.88420531,97.80108319,97.26100406,99.08314494,99.7999962,100.4026911,99.14151506,99.18869389,99.52559466,100.1514348,100.1096022,100.554084,102.0325614,100.3064141,101.0257249,99.80691436,100.6324587,99.49413015,99.86978908,100.4719803,100.0933511,98.85516174,100.2006306,99.18461749,99.71645909,100.428089,99.71184876,100.6432323,100.3131962,100.9629741,100.817252,101.5622565,102.1654212,102.9381219,103.1609804,103.2065396,102.2134008,102.2541971,102.6970258,103.5696157,103.1671352,103.4081594,102.6239307,103.2137223,102.6797965,104.0975076,102.7538885,103.2681833,104.5223325,104.5976075,106.0279701,104.0370485,103.3376057,103.8709699,104.2469996,104.5125712,103.8688862,103.5583398,103.9964041,103.4560461,103.740429,103.5976186,103.7118067,103.9032275,104.8515316,104.247825,104.4478854,103.98638,104.8202944,104.0140758,103.7237734,104.1783065,103.3325552,103.7594331,101.9466411,103.8965557,103.9550541,104.7838737,104.3684271,104.6397424,104.9313447,104.4860344,105.7513098,105.2653953,105.1715834,104.0707216,104.4925668,103.5441873,102.8797333,101.7592735,103.3620759,104.3601114,102.1799258,103.6570709,102.3016121,103.0072657,102.830852,102.8247385,102.2618832,99.85189883,101.0387692,100.8423406,101.8724338,101.3661407,97.47498106,72.70366425,72.32386358,85.59813412,91.50383227,94.42866292,95.00221627,96.55868636,97.4236638,97.52133385,97.95597507,98.21044457,98.88760125,98.6309863,98.76863464
IMAI (minería),83.9423993,84.91148512,85.60405586,86.45296622,86.33715031,87.04972731,86.30471598,86.42166731,87.6904942,88.58155782,89.49726169,89.76375565,87.96806894,87.46273756,87.37835755,87.46228985,87.603372,87.15340567,87.32985164,87.40369237,87.3496019,87.86157459,87.60178109,87.43766509,87.34211941,86.00351372,86.45869364,86.64251832,86.75028585,87.642701,88.05547787,88.80007631,89.96413555,65.93152126,86.03042305,91.71910612,92.39805438,93.71753798,93.53000484,94.723117,94.65065585,95.24526777,95.12144326,93.33343197,95.54337676,96.29672566,96.82567068,97.80010156,97.71212098,98.996298,98.81683394,98.25444548,99.80515643,101.1732645,100.9576671,102.3164764,104.0058286,104.0637952,104.3081129,102.829836,103.0726395,105.2116118,104.5693916,105.4276573,104.8845805,103.1006151,103.0283115,102.0707101,98.97565403,96.26703442,105.5175735,104.5970366,102.7525531,100.7892709,101.250672,98.42888853,98.55888259,95.48411023,97.41122432,96.07624902,98.06667285,97.50176421,100.0841337,97.12032896,101.1454742,99.79161928,101.1613672,103.7437267,103.1340208,104.3898411,96.78024126,105.618267,107.4545098,99.80493181,102.397355,102.9045349,103.806448,107.1113469,105.9538271,102.5064343,102.2367514,105.7325125,106.2843063,105.8382389,106.7842618,103.8889748,108.2236548,108.9904139,106.2929595,106.022349,104.1971794,105.7614576,105.8199268,105.6783846,104.8675197,106.4286348,105.5492729,110.7558986,104.8625155,107.9379575,109.0136077,110.396375,110.4559954,109.2051831,109.9724638,110.9890313,111.6398478,111.459733,112.1284313,114.2059861,113.5996701,113.2541267,112.8947321,112.7509819,112.2299815,114.2219214,112.8998063,113.7018921,111.3123825,110.832613,114.3793419,116.5015178,114.3575112,108.5721597,113.2474493,113.4226007,111.3886507,114.2465404,116.0598078,115.7025372,105.8203253,115.5987515,113.5151646,111.8118968,115.0507729,115.3814654,115.2420883,113.6880119,114.1096191,113.8941202,112.8239629,111.0409843,110.2789667,111.241917,111.88145,111.2346554,111.2819293,105.1028219,110.3584298,111.2580773,111.4327419,111.2012316,109.1955828,112.1087553,111.9914366,101.2325502,109.8002138,107.9078296,105.6829478,106.3150926,105.7967006,105.9236192,104.2247813,100.8339763,102.2507619,103.4377688,103.3880114,102.5024026,100.5367146,103.8995116,103.0939049,101.5339093,100.7574963,99.84564533,99.13747223,99.20846254,98.58963533,96.18075975,97.74719468,96.46487229,97.33283096,98.07053002,97.16208956,97.3319948,99.14529162,99.87087167,99.54575035,99.96211229,100.5900324,99.55153853,98.67893873,99.18966191,99.4980974,97.93514029,97.53397415,98.56154719,98.20064493,98.54342226,99.54496122,99.76019282,99.37799597,99.67950708,99.57154988,99.69651407,97.92748837,101.1260193,100.789364,100.5146271,98.18881923,99.84122695,100.1924813,100.0938577,100.5876565,100.7002614,100.7398236,100.6380261,100.3228129,100.2940554,102.6168738,100.9447929,100.8006416,100.1512513,99.64645829,99.47590339,99.06225426,99.15077336,99.46084253,99.79103998,99.49215915,100.9307219,101.5480904,101.3630514,100.2089833,99.82027684,99.46411776,99.23573167,99.22167916,98.33801334,97.80757724,98.24266141,97.51430822,96.47484688,96.29180653,95.55457961,95.0653572,97.07689995,95.67372454,92.64367368,92.74791915,93.49177849,93.50423619,93.98285177,93.46054809,93.19842581,92.72184284,92.74239223,91.8958767,93.21024842,92.44014187,90.49009161,89.94759915,89.44043801,89.88001803,88.22752467,88.01952399,88.34870533,86.83063643,85.96621239,85.50628831,84.11604065,84.75543762,84.67850068,84.74460346,84.28220101,83.49604603,81.13267612,75.09066482,79.88882311,80.09787992,80.18113511,80.52219665,78.5641158,78.85957318,79.81062329,79.46131969,78.29338875,77.64747266,77.68809221,77.22575275,76.12952832,74.81995122,74.70305538,72.38470279,73.65839714,74.09841676,73.62158997,72.3433503,74.42113648,73.71905482,75.9072178,74.98014113,74.54636574,75.82670183,75.32525221,76.86420997,76.14318617,75.71098029,71.04194061,69.26747221,70.68831263,71.52427293,72.74938379,72.99285784,73.74066413,73.67592332,73.63293753,74.17738146,76.46533783,74.13898281,74.8614959,75.63383124
"IMAI (electricidad, agua, gas)",39.94769163,40.06056984,39.89460947,40.13205876,40.21810884,40.00992871,40.03374842,39.98349077,40.37237227,40.21029573,40.24840018,40.54256171,40.81823571,40.77500946,41.59991099,41.85821671,41.71708068,41.98615479,42.45886738,42.36357566,42.51254957,42.81876103,42.91252672,43.22585026,42.66576388,42.91790846,42.52481302,43.01331696,42.92035784,42.98701125,42.83812771,42.9897625,43.35355331,43.42218014,43.93097572,44.07513777,43.9349784,44.50886741,44.47701672,44.48190453,44.82167313,45.19039115,45.38277367,45.74120832,45.55900421,45.65052463,47.25065308,46.37128547,47.40584994,47.25343009,48.13767002,47.24007187,47.45346731,47.35747604,47.56072646,47.96074751,47.98772759,48.14799665,47.54040632,47.64918147,47.51618744,47.31368451,47.02967953,47.03489003,47.37363008,47.61134841,48.4047856,47.96444609,47.91657337,48.23692894,48.50384747,49.56858915,51.83242217,52.52635976,53.3131733,54.03746774,54.22839763,54.42464349,55.13155531,54.73495007,55.38951684,55.42882761,56.21031304,55.67140188,53.81199588,54.60079385,55.20821677,54.95054436,55.19762777,55.20317591,54.69152044,55.33108842,55.9555246,56.19589295,56.77521904,56.50884288,56.38401494,56.85544937,57.07369129,57.72253615,57.46269512,58.03905406,57.55886585,59.04511258,58.89320806,59.47124248,60.16387383,60.43446105,56.71408879,57.16696168,57.00209147,57.42211636,58.50732899,58.06570913,58.30007754,58.15598085,58.71682489,58.67888578,58.1201546,59.99652095,58.96163754,59.45100327,59.87173705,59.7665529,60.21678532,60.15748553,60.58094159,60.26874617,60.24961286,60.47474983,61.70013198,61.41886756,65.25996786,65.58639148,67.3138247,66.67946789,66.10551145,66.45033457,66.79255992,67.569792,67.88395231,68.28577925,68.49101772,68.94603943,70.99212879,71.59067472,71.50846918,71.82473829,72.28746593,73.35465659,73.56744087,72.78709334,73.19881237,73.7225209,74.45067574,73.34538119,76.34448592,77.594591,78.39947256,79.3726565,80.53514395,81.54799178,82.09623962,82.82963914,83.15422892,83.45694862,84.24251469,84.61165048,84.47020084,83.32924897,85.25217283,84.59517857,85.61884651,85.38668739,85.99187037,86.49011691,87.26186365,87.8147954,88.00736429,88.87037354,87.29760734,89.71429752,87.19330873,86.97717128,87.71669299,86.66674807,86.03360875,87.28711241,85.58401685,85.75486832,85.98483662,84.72072897,85.15384493,85.6650305,86.65798724,87.30731435,86.75045027,87.30627268,88.58425144,89.30951543,89.44805292,90.25826818,89.38894567,89.15725262,89.39494633,88.98030731,90.11249468,90.11045974,90.80597391,91.79628199,95.26337363,91.60954555,93.32767879,92.89906551,93.68172318,94.5008852,95.73764675,96.3196646,97.41574742,97.958583,97.21014068,97.92860645,97.39169023,97.5165117,97.83484505,97.51717529,97.42690616,99.95697672,97.69749037,98.83240727,98.63720368,99.16154103,99.68979312,100.0328605,99.90683272,99.26743556,99.39028725,99.9726062,100.6722811,99.53280041,99.96991142,99.34881442,97.88875421,98.34313828,100.0931982,99.79604606,100.4665588,100.6986673,99.99448644,100.4066563,101.3949438,100.928717,106.9274766,106.1236883,107.6162889,108.6104702,107.9986319,107.960555,107.7841936,108.6892698,108.6450529,108.8063985,108.1561409,109.5406645,109.626735,108.48689,108.9821951,109.3813497,107.741341,107.9094921,109.240336,110.9360788,111.4396031,112.274224,111.6071165,111.0599587,108.6685426,109.6504396,109.3005348,109.3446943,110.6417856,110.8081174,111.4498229,110.4242736,109.4076091,110.456217,109.3420115,110.6711435,110.5371225,108.9549151,111.3940424,108.7330832,111.1448268,110.7900125,108.5528588,108.363817,109.3105004,106.0403348,111.895291,109.7097488,118.6650156,119.0063681,116.3859716,119.7065918,115.6030101,118.3832194,120.9065659,118.3695959,118.7444094,116.1465991,118.041269,113.9883309,115.5912296,114.8777807,114.669935,116.5139382,116.3452503,117.5958313,117.188786,118.6967143,119.4319488,118.4216873,118.1281273,117.1145082,115.5348056,116.7480477,114.1176595,113.2769354,102.2183085,102.6725096,108.0334122,114.3607895,111.1980545,112.4344724,110.0446542,111.8590862,109.9918911,105.3540121,110.6860343,109.7930104,111.2321424
IMAI (construcción),71.11946856,72.98422876,73.08773719,72.14139998,75.03732044,73.83459676,74.17111086,74.24452331,75.19257118,75.19767743,78.04585419,80.14805754,81.71399779,83.79211027,86.06682678,88.81427553,87.76870478,87.98582536,87.15961908,87.5441379,86.19429338,85.8241039,82.39928695,81.55224253,69.04028906,56.5951251,55.81338984,56.99640019,53.30805893,53.90115307,54.37078524,54.1548899,55.70744778,57.31648093,60.29677638,66.42338514,65.19325063,63.42636238,63.32139722,66.05643518,67.51346293,69.82049385,73.19740099,71.69242241,71.686099,72.81391301,72.51380288,77.82127953,71.60848209,69.94573091,68.00909024,73.70568115,75.71980789,75.56826251,75.46668907,77.01254031,76.6839486,75.81084319,75.3341949,76.14582804,75.40262909,77.8113271,78.40122869,79.06172188,78.96990609,78.75017631,80.35180055,80.31838354,83.70819149,82.33100435,77.51452381,81.57523838,84.99085596,83.35777902,83.85581141,82.12159746,82.47114755,83.33928235,82.08884459,81.23335971,82.63716085,81.62205149,83.46926372,84.59960372,85.44884589,86.25954336,84.11486376,84.44015409,85.59844108,84.69824115,83.07626459,83.35918228,82.01180086,82.04275188,80.45370811,79.62005707,78.6419204,77.09732746,76.7560989,73.2282195,75.24175362,76.21058866,78.65474906,79.08512479,78.26887251,76.05614965,76.77040388,78.18342276,74.36644012,74.27137106,70.55726107,74.37717036,75.34579224,74.29239655,75.1678083,76.2904451,77.61958984,77.24057686,77.27188081,77.81683896,78.36808671,81.90788056,77.21865451,77.75134356,77.08770988,77.95590095,77.63647735,76.91427903,76.48524842,78.61564056,75.29721991,79.15084672,85.70770025,82.43368151,83.65775739,84.02362885,83.00203353,83.45169941,82.88132148,80.59205108,82.56682715,83.11217879,83.61554815,83.61703808,88.13413083,84.86956091,85.31526817,84.99829835,85.80022875,85.66361798,84.76277282,84.43865261,85.71635954,85.96991593,87.59862071,89.67369928,90.24448669,89.32650801,91.25627971,92.0263671,92.85751716,93.28767022,94.66754078,95.93240177,96.03670327,95.24243724,95.05324208,94.97717649,94.76916326,95.97517249,96.38664238,95.95081937,94.9141722,93.58270765,96.16682801,98.44842818,99.90783239,100.9212775,102.6149623,103.6487341,101.6605088,104.029239,101.669024,102.2358639,103.3860201,104.8606065,102.9232509,100.012005,99.13697021,100.8852018,98.00450153,98.25026762,98.13952,94.803549,95.11067001,95.23160675,96.96897411,97.63730697,96.32313727,95.78274654,94.95494827,93.26231165,92.97358782,93.06838348,104.2980285,94.9672925,96.03366178,99.7599958,93.24966925,93.38375634,94.02173051,92.76904576,93.78874434,94.45764012,93.51071294,93.848264,98.50598706,94.61833912,92.10154181,97.2406057,97.16461306,103.1911135,98.82150365,100.3960851,99.48433343,101.0913171,103.2735175,102.6609202,101.8067086,100.2043342,99.61605381,101.6735672,101.4792513,101.2835822,105.8380032,102.2512991,103.6361671,101.8084682,102.5061038,96.94426259,100.6434447,102.4971624,100.7739576,98.65613318,102.7979362,98.21363949,97.88261022,99.64829398,98.55772732,99.21579636,99.93789125,101.1996279,98.73822441,102.6983645,102.7714898,103.9250469,103.5203284,104.2417982,98.90290612,101.6801221,101.9233441,105.0945437,104.3695474,104.0774236,103.1045052,100.6033352,102.1470608,107.1742427,102.9750905,104.2678866,108.7264994,108.3644686,109.2010191,102.6159629,105.3337142,104.1481934,106.0710479,106.8551876,106.590245,106.6147117,107.6009136,105.8052877,105.2439598,104.9293267,105.6852935,106.3454208,111.664824,106.1838096,105.5911639,104.4864987,106.4098865,103.8640752,103.6798456,106.3280195,104.8035774,105.9325377,108.167413,107.8182463,107.7441321,110.3610245,107.8555865,107.5726086,108.5851679,107.5318106,109.6456081,108.5499954,109.3272349,102.9920582,106.4639968,106.2248137,100.5227095,102.9552683,108.3817239,106.3644581,103.6012185,105.0287807,99.73665541,102.1455348,100.1700623,99.53722212,98.51959024,95.60941164,96.39959191,98.6869213,98.78310686,96.04870417,96.35323376,62.82926774,63.63826582,76.71617821,77.26470432,86.08177948,81.99585003,85.92670353,87.97944619,86.44735418,88.48740109,90.97568702,91.13187104,90.99906736,92.83687348
IMAI (manufactura),63.8581354,64.6097288,65.24782933,65.94204815,66.69492715,64.99342056,65.33471122,65.15159973,65.10291889,65.41365092,64.92596705,65.40697681,65.1467285,63.52316234,65.42042967,69.55528898,67.00497988,67.87873693,68.11176198,68.87761098,69.54786569,68.75165008,69.47788496,67.94276644,71.1369397,65.90835926,64.30234136,62.09400178,62.43013955,62.36649477,63.05799181,63.58967275,64.39991166,64.93287944,65.6348017,67.7241204,68.63975221,68.71488605,69.14278555,69.3275886,70.05679789,71.04507755,70.39465804,70.58433755,70.74448195,72.08006799,73.62519228,73.61621149,72.95925026,74.2784394,74.85799878,76.42460188,76.6859027,78.16638839,78.3716731,78.48143308,78.95792491,80.09070696,81.237749,80.83111988,82.56929666,83.20262819,84.18875293,83.57219043,84.68436676,83.57443832,83.98938335,84.48298136,83.66100919,84.45163906,84.50377963,84.51880249,84.3407047,84.89792754,85.09934971,86.47149964,86.69936221,86.19732736,87.29506986,87.07205053,87.47034855,86.12474343,86.23050993,88.08053897,90.12985634,90.5543319,90.75483196,90.59425509,91.65948662,92.73055073,96.46850116,92.74863726,93.15075364,93.22370789,91.01434866,89.54962361,92.68660483,91.28063473,89.98817367,89.39479172,90.27650141,89.43934595,89.12118007,88.59794862,89.38496462,87.11972527,87.27103789,86.76100269,86.77948827,86.29539696,87.53336461,87.45197751,86.32589055,86.90240519,87.00161276,87.39421132,87.4099579,87.78664184,88.25450852,86.55850583,85.13946657,86.72164497,85.82650707,86.65983166,86.33723515,86.96244267,86.64831729,86.30311012,86.66030521,86.65235579,87.03124561,87.71403308,86.8665329,87.15912098,89.41732183,89.27453348,89.19503269,89.03717142,89.70457047,90.25001746,89.8321947,90.09306835,89.95010079,90.96735096,89.96620772,90.78690015,90.5485699,90.82108542,91.83136392,89.04418627,90.17693345,91.06085949,91.99105456,93.19710312,93.93238679,94.62270295,95.61467303,94.86102447,94.81281391,95.1747325,96.81307767,96.34132992,96.82843891,95.73443633,95.79346808,95.83456378,96.28874525,96.10742255,95.67780431,95.92384466,96.94948194,96.5332982,97.58474197,97.54768573,97.05399176,97.28663533,96.4316101,95.78818662,94.54565159,94.02061414,96.34257715,96.58542584,96.35683361,96.67158794,95.21408059,96.21613721,94.95375941,95.03259686,95.17783842,93.96244027,92.10419098,88.90594486,84.13391825,84.05087649,82.39535753,83.38793737,80.98415436,81.80599329,85.70842105,85.29229394,86.54252416,88.40002514,91.27413108,90.25829505,88.8168923,90.54626652,92.6957469,92.33606805,93.15307677,92.91916166,92.65154947,94.80200783,93.48788209,93.06284387,94.3117701,94.49289756,93.88904986,94.61123162,94.96420329,94.21837388,95.50803966,95.04695037,95.99563399,95.54937225,96.02304631,97.06685254,98.1739243,98.36180442,99.0503017,99.0207816,99.19708515,100.0050698,99.21558439,100.4239549,100.1426462,99.15343037,100.6195444,98.27248992,99.41258167,99.2693991,99.53089701,99.96337549,99.98285361,99.19702795,99.40955818,99.78673801,100.0623292,100.9872334,100.3194619,101.2700163,100.3861483,99.64543977,101.6534044,101.5199355,102.9131962,103.9629725,104.4348249,104.4010964,104.7749908,103.4237912,104.3110483,105.340805,106.0979238,105.6318381,105.4588514,106.6906788,105.4886863,107.7948926,106.6930842,106.5687276,106.7690734,107.1576696,108.4006607,108.6603515,107.4203939,108.0414255,108.6305848,108.1613485,107.4779081,107.1232563,107.9366457,108.1228684,108.4874174,108.91848,108.2929007,109.0405064,109.9226956,111.2573984,112.0856175,111.8327824,112.3334361,112.2458885,111.4428235,111.6210665,111.6531896,112.1997614,109.5532338,112.4373407,112.4849631,112.81839,112.2424986,112.7822168,114.6286456,112.1538642,114.6678566,114.7693625,114.3561189,114.6179963,114.4776926,113.4281651,114.6276232,112.9532755,113.8610241,114.6196666,113.3599217,115.0800513,115.4010001,115.3893043,116.0015788,114.9319437,114.785488,111.8730773,112.220859,111.9598193,112.8101503,112.5715803,106.7707983,74.43506799,74.79781688,94.92850478,105.8117993,106.4436696,109.1536134,110.9317605,111.0892447,112.3638524,111.6939373,109.1964384,112.6762462,111.7518419,110.9597736