Fecha,TIIE (un día),TIIE (objetivo)
21/01/2008,7.51,7.5
22/01/2008,7.51,7.5
23/01/2008,7.5,7.5
24/01/2008,7.5,7.5
25/01/2008,7.51,7.5
28/01/2008,7.51,7.5
29/01/2008,7.52,7.5
30/01/2008,7.52,7.5
31/01/2008,7.55,7.5
01/02/2008,7.52,7.5
05/02/2008,7.51,7.5
06/02/2008,7.5,7.5
07/02/2008,7.5,7.5
08/02/2008,7.5,7.5
11/02/2008,7.5,7.5
12/02/2008,7.5,7.5
13/02/2008,7.49,7.5
14/02/2008,7.49,7.5
15/02/2008,7.49,7.5
18/02/2008,7.49,7.5
19/02/2008,7.5,7.5
20/02/2008,7.5,7.5
21/02/2008,7.5,7.5
22/02/2008,7.5,7.5
25/02/2008,7.5,7.5
26/02/2008,7.49,7.5
27/02/2008,7.49,7.5
28/02/2008,7.49,7.5
29/02/2008,7.53,7.5
03/03/2008,7.5,7.5
04/03/2008,7.5,7.5
05/03/2008,7.5,7.5
06/03/2008,7.5,7.5
07/03/2008,7.5,7.5
10/03/2008,7.5,7.5
11/03/2008,7.5,7.5
12/03/2008,7.5,7.5
13/03/2008,7.51,7.5
14/03/2008,7.52,7.5
18/03/2008,7.53,7.5
19/03/2008,7.58,7.5
24/03/2008,7.51,7.5
25/03/2008,7.47,7.5
26/03/2008,7.48,7.5
27/03/2008,7.48,7.5
28/03/2008,7.48,7.5
31/03/2008,7.52,7.5
01/04/2008,7.48,7.5
02/04/2008,7.48,7.5
03/04/2008,7.5,7.5
04/04/2008,7.5,7.5
07/04/2008,7.49,7.5
08/04/2008,7.49,7.5
09/04/2008,7.49,7.5
10/04/2008,7.49,7.5
11/04/2008,7.49,7.5
14/04/2008,7.49,7.5
15/04/2008,7.49,7.5
16/04/2008,7.5,7.5
17/04/2008,7.5,7.5
18/04/2008,7.5,7.5
21/04/2008,7.5,7.5
22/04/2008,7.5,7.5
23/04/2008,7.49,7.5
24/04/2008,7.5,7.5
25/04/2008,7.5,7.5
28/04/2008,7.5,7.5
29/04/2008,7.5,7.5
30/04/2008,7.52,7.5
02/05/2008,7.49,7.5
05/05/2008,7.5,7.5
06/05/2008,7.5,7.5
07/05/2008,7.5,7.5
08/05/2008,7.5,7.5
09/05/2008,7.5,7.5
12/05/2008,7.5,7.5
13/05/2008,7.5,7.5
14/05/2008,7.51,7.5
15/05/2008,7.51,7.5
16/05/2008,7.5,7.5
19/05/2008,7.5,7.5
20/05/2008,7.51,7.5
21/05/2008,7.51,7.5
22/05/2008,7.5,7.5
23/05/2008,7.5,7.5
26/05/2008,7.5,7.5
27/05/2008,7.51,7.5
28/05/2008,7.5,7.5
29/05/2008,7.5,7.5
30/05/2008,7.52,7.5
02/06/2008,7.5,7.5
03/06/2008,7.51,7.5
04/06/2008,7.51,7.5
05/06/2008,7.51,7.5
06/06/2008,7.51,7.5
09/06/2008,7.51,7.5
10/06/2008,7.51,7.5
11/06/2008,7.51,7.5
12/06/2008,7.51,7.5
13/06/2008,7.54,7.5
16/06/2008,7.52,7.5
17/06/2008,7.53,7.5
18/06/2008,7.56,7.5
19/06/2008,7.56,7.5
20/06/2008,7.75,7.75
23/06/2008,7.74,7.75
24/06/2008,7.74,7.75
25/06/2008,7.74,7.75
26/06/2008,7.75,7.75
27/06/2008,7.75,7.75
30/06/2008,7.8,7.75
01/07/2008,7.75,7.75
02/07/2008,7.76,7.75
03/07/2008,7.75,7.75
04/07/2008,7.75,7.75
07/07/2008,7.76,7.75
08/07/2008,7.76,7.75
09/07/2008,7.76,7.75
10/07/2008,7.75,7.75
11/07/2008,7.75,7.75
14/07/2008,7.75,7.75
15/07/2008,7.76,7.75
16/07/2008,7.76,7.75
17/07/2008,7.78,7.75
18/07/2008,8.03,8
21/07/2008,8,8
22/07/2008,7.96,8
23/07/2008,7.98,8
24/07/2008,7.98,8
25/07/2008,7.98,8
28/07/2008,7.98,8
29/07/2008,7.99,8
30/07/2008,7.98,8
31/07/2008,8.05,8
01/08/2008,7.98,8
04/08/2008,7.98,8
05/08/2008,7.99,8
06/08/2008,7.99,8
07/08/2008,7.97,8
08/08/2008,7.98,8
11/08/2008,7.98,8
12/08/2008,7.98,8
13/08/2008,7.98,8
14/08/2008,7.98,8
15/08/2008,8.23,8.25
18/08/2008,8.24,8.25
19/08/2008,8.25,8.25
20/08/2008,8.25,8.25
21/08/2008,8.24,8.25
22/08/2008,8.22,8.25
25/08/2008,8.22,8.25
26/08/2008,8.23,8.25
27/08/2008,8.23,8.25
28/08/2008,8.24,8.25
29/08/2008,8.27,8.25
01/09/2008,8.23,8.25
02/09/2008,8.23,8.25
03/09/2008,8.23,8.25
04/09/2008,8.23,8.25
05/09/2008,8.23,8.25
08/09/2008,8.23,8.25
09/09/2008,8.23,8.25
10/09/2008,8.25,8.25
11/09/2008,8.26,8.25
12/09/2008,8.25,8.25
15/09/2008,8.28,8.25
17/09/2008,8.26,8.25
18/09/2008,8.26,8.25
19/09/2008,8.26,8.25
22/09/2008,8.24,8.25
23/09/2008,8.24,8.25
24/09/2008,8.23,8.25
25/09/2008,8.24,8.25
26/09/2008,8.25,8.25
29/09/2008,8.25,8.25
30/09/2008,8.28,8.25
01/10/2008,8.24,8.25
02/10/2008,8.24,8.25
03/10/2008,8.24,8.25
06/10/2008,8.24,8.25
07/10/2008,8.2,8.25
08/10/2008,8.12,8.25
09/10/2008,8.06,8.25
10/10/2008,8.02,8.25
12/10/2008,,8.25
13/10/2008,8.05,8.25
14/10/2008,8.15,8.25
15/10/2008,8.05,8.25
16/10/2008,7.6,8.25
17/10/2008,7.5,8.25
18/10/2008,,8.25
19/10/2008,,8.25
20/10/2008,7.33,8.25
21/10/2008,7.95,8.25
22/10/2008,7.4,8.25
23/10/2008,7,8.25
24/10/2008,6.4,8.25
25/10/2008,,8.25
26/10/2008,,8.25
27/10/2008,6.85,8.25
28/10/2008,7.45,8.25
29/10/2008,7.6,8.25
30/10/2008,7.55,8.25
31/10/2008,8,8.25
01/11/2008,,8.25
02/11/2008,,8.25
03/11/2008,7.5,8.25
04/11/2008,7.6,8.25
05/11/2008,7.55,8.25
06/11/2008,7.55,8.25
07/11/2008,7.65,8.25
08/11/2008,,8.25
09/11/2008,,8.25
10/11/2008,7.8,8.25
11/11/2008,7.87,8.25
12/11/2008,8,8.25
13/11/2008,8.08,8.25
14/11/2008,8.13,8.25
15/11/2008,,8.25
16/11/2008,,8.25
17/11/2008,,8.25
18/11/2008,8.07,8.25
19/11/2008,8.13,8.25
20/11/2008,8.14,8.25
21/11/2008,8.14,8.25
22/11/2008,,8.25
23/11/2008,,8.25
24/11/2008,8.09,8.25
25/11/2008,8.12,8.25
26/11/2008,8.07,8.25
27/11/2008,8.07,8.25
28/11/2008,8.13,8.25
29/11/2008,,8.25
30/11/2008,,8.25
01/12/2008,8.19,8.25
02/12/2008,8.14,8.25
03/12/2008,8.1,8.25
04/12/2008,8.14,8.25
05/12/2008,8.16,8.25
06/12/2008,,8.25
07/12/2008,,8.25
08/12/2008,8.17,8.25
09/12/2008,8.19,8.25
10/12/2008,8.2,8.25
11/12/2008,8.24,8.25
12/12/2008,,8.25
13/12/2008,,8.25
14/12/2008,,8.25
15/12/2008,8.23,8.25
16/12/2008,8.3,8.25
17/12/2008,8.33,8.25
18/12/2008,8.33,8.25
19/12/2008,8.3,8.25
20/12/2008,,8.25
21/12/2008,,8.25
22/12/2008,8.3,8.25
23/12/2008,8.3,8.25
24/12/2008,8.3,8.25
25/12/2008,,8.25
26/12/2008,8.3,8.25
27/12/2008,,8.25
28/12/2008,,8.25
29/12/2008,8.3,8.25
30/12/2008,8.3,8.25
31/12/2008,8.35,8.25
01/01/2009,,8.25
02/01/2009,8.27,8.25
03/01/2009,,8.25
04/01/2009,,8.25
05/01/2009,8.25,8.25
06/01/2009,8.25,8.25
07/01/2009,8.26,8.25
08/01/2009,8.26,8.25
09/01/2009,8.26,8.25
10/01/2009,,8.25
11/01/2009,,8.25
12/01/2009,8.26,8.25
13/01/2009,8.27,8.25
14/01/2009,8.27,8.25
15/01/2009,8.27,8.25
16/01/2009,7.76,7.75
17/01/2009,,7.75
18/01/2009,,7.75
19/01/2009,7.77,7.75
20/01/2009,7.77,7.75
21/01/2009,7.76,7.75
22/01/2009,7.75,7.75
23/01/2009,7.65,7.75
24/01/2009,,7.75
25/01/2009,,7.75
26/01/2009,7.72,7.75
27/01/2009,7.71,7.75
28/01/2009,7.72,7.75
29/01/2009,7.72,7.75
30/01/2009,7.75,7.75
31/01/2009,,7.75
01/02/2009,,7.75
02/02/2009,,7.75
03/02/2009,7.73,7.75
04/02/2009,7.73,7.75
05/02/2009,7.73,7.75
06/02/2009,7.73,7.75
07/02/2009,,7.75
08/02/2009,,7.75
09/02/2009,7.74,7.75
10/02/2009,7.74,7.75
11/02/2009,7.74,7.75
12/02/2009,7.76,7.75
13/02/2009,7.75,7.75
14/02/2009,,7.75
15/02/2009,,7.75
16/02/2009,7.75,7.75
17/02/2009,7.76,7.75
18/02/2009,7.76,7.75
19/02/2009,7.77,7.75
20/02/2009,7.53,7.5
21/02/2009,,7.5
22/02/2009,,7.5
23/02/2009,7.54,7.5
24/02/2009,7.52,7.5
25/02/2009,7.51,7.5
26/02/2009,7.5,7.5
27/02/2009,7.54,7.5
28/02/2009,,7.5
01/03/2009,,7.5
02/03/2009,7.5,7.5
03/03/2009,7.49,7.5
04/03/2009,7.49,7.5
05/03/2009,7.49,7.5
06/03/2009,7.49,7.5
07/03/2009,,7.5
08/03/2009,,7.5
09/03/2009,7.49,7.5
10/03/2009,7.49,7.5
11/03/2009,7.49,7.5
12/03/2009,7.49,7.5
13/03/2009,7.51,7.5
14/03/2009,,7.5
15/03/2009,,7.5
16/03/2009,,7.5
17/03/2009,7.5,7.5
18/03/2009,7.53,7.5
19/03/2009,7.56,7.5
20/03/2009,6.77,6.75
21/03/2009,,6.75
22/03/2009,,6.75
23/03/2009,6.77,6.75
24/03/2009,6.78,6.75
25/03/2009,6.78,6.75
26/03/2009,6.76,6.75
27/03/2009,6.75,6.75
28/03/2009,,6.75
29/03/2009,,6.75
30/03/2009,6.75,6.75
31/03/2009,6.79,6.75
01/04/2009,6.76,6.75
02/04/2009,6.76,6.75
03/04/2009,6.76,6.75
04/04/2009,,6.75
05/04/2009,,6.75
06/04/2009,6.76,6.75
07/04/2009,6.79,6.75
08/04/2009,6.8,6.75
09/04/2009,,6.75
10/04/2009,,6.75
11/04/2009,,6.75
12/04/2009,,6.75
13/04/2009,6.78,6.75
14/04/2009,6.8,6.75
15/04/2009,6.79,6.75
16/04/2009,6.81,6.75
17/04/2009,6.04,6
18/04/2009,,6
19/04/2009,,6
20/04/2009,6.04,6
21/04/2009,6.04,6
22/04/2009,6.03,6
23/04/2009,5.97,6
24/04/2009,5.96,6
25/04/2009,,6
26/04/2009,,6
27/04/2009,5.99,6
28/04/2009,5.99,6
29/04/2009,5.99,6
30/04/2009,6.03,6
01/05/2009,,6
02/05/2009,,6
03/05/2009,,6
04/05/2009,5.98,6
05/05/2009,5.98,6
06/05/2009,5.97,6
07/05/2009,5.98,6
08/05/2009,6,6
09/05/2009,,6
10/05/2009,,6
11/05/2009,6.01,6
12/05/2009,6.01,6
13/05/2009,6.02,6
14/05/2009,6.02,6
15/05/2009,5.27,5.25
16/05/2009,,5.25
17/05/2009,,5.25
18/05/2009,5.26,5.25
19/05/2009,5.26,5.25
20/05/2009,5.26,5.25
21/05/2009,5.24,5.25
22/05/2009,5.23,5.25
23/05/2009,,5.25
24/05/2009,,5.25
25/05/2009,5.22,5.25
26/05/2009,5.22,5.25
27/05/2009,5.21,5.25
28/05/2009,5.22,5.25
29/05/2009,5.29,5.25
30/05/2009,,5.25
31/05/2009,,5.25
01/06/2009,5.23,5.25
02/06/2009,5.23,5.25
03/06/2009,5.22,5.25
04/06/2009,5.22,5.25
05/06/2009,5.22,5.25
06/06/2009,,5.25
07/06/2009,,5.25
08/06/2009,5.23,5.25
09/06/2009,5.23,5.25
10/06/2009,5.22,5.25
11/06/2009,5.22,5.25
12/06/2009,5.23,5.25
13/06/2009,,5.25
14/06/2009,,5.25
15/06/2009,5.22,5.25
16/06/2009,5.22,5.25
17/06/2009,5.23,5.25
18/06/2009,5.27,5.25
19/06/2009,4.75,4.75
20/06/2009,,4.75
21/06/2009,,4.75
22/06/2009,4.75,4.75
23/06/2009,4.75,4.75
24/06/2009,4.75,4.75
25/06/2009,4.75,4.75
26/06/2009,4.78,4.75
27/06/2009,,4.75
28/06/2009,,4.75
29/06/2009,4.78,4.75
30/06/2009,4.85,4.75
01/07/2009,4.77,4.75
02/07/2009,4.77,4.75
03/07/2009,4.78,4.75
04/07/2009,,4.75
05/07/2009,,4.75
06/07/2009,4.8,4.75
07/07/2009,4.81,4.75
08/07/2009,4.79,4.75
09/07/2009,4.78,4.75
10/07/2009,4.78,4.75
11/07/2009,,4.75
12/07/2009,,4.75
13/07/2009,4.78,4.75
14/07/2009,4.79,4.75
15/07/2009,4.79,4.75
16/07/2009,4.8,4.75
17/07/2009,4.52,4.5
18/07/2009,,4.5
19/07/2009,,4.5
20/07/2009,4.51,4.5
21/07/2009,4.52,4.5
22/07/2009,4.5,4.5
23/07/2009,4.48,4.5
24/07/2009,4.42,4.5
25/07/2009,,4.5
26/07/2009,,4.5
27/07/2009,4.49,4.5
28/07/2009,4.48,4.5
29/07/2009,4.48,4.5
30/07/2009,4.51,4.5
31/07/2009,4.58,4.5
01/08/2009,,4.5
02/08/2009,,4.5
03/08/2009,4.48,4.5
04/08/2009,4.49,4.5
05/08/2009,4.5,4.5
06/08/2009,4.49,4.5
07/08/2009,4.47,4.5
08/08/2009,,4.5
09/08/2009,,4.5
10/08/2009,4.47,4.5
11/08/2009,4.47,4.5
12/08/2009,4.47,4.5
13/08/2009,4.48,4.5
14/08/2009,4.51,4.5
15/08/2009,,4.5
16/08/2009,,4.5
17/08/2009,4.51,4.5
18/08/2009,4.51,4.5
19/08/2009,4.49,4.5
20/08/2009,4.47,4.5
21/08/2009,4.48,4.5
22/08/2009,,4.5
23/08/2009,,4.5
24/08/2009,4.48,4.5
25/08/2009,4.47,4.5
26/08/2009,4.47,4.5
27/08/2009,4.48,4.5
28/08/2009,4.47,4.5
29/08/2009,,4.5
30/08/2009,,4.5
31/08/2009,4.53,4.5
01/09/2009,4.49,4.5
02/09/2009,4.52,4.5
03/09/2009,4.49,4.5
04/09/2009,4.49,4.5
05/09/2009,,4.5
06/09/2009,,4.5
07/09/2009,4.49,4.5
08/09/2009,4.5,4.5
09/09/2009,4.51,4.5
10/09/2009,4.51,4.5
11/09/2009,4.52,4.5
12/09/2009,,4.5
13/09/2009,,4.5
14/09/2009,4.51,4.5
15/09/2009,4.53,4.5
16/09/2009,,4.5
17/09/2009,4.52,4.5
18/09/2009,4.53,4.5
19/09/2009,,4.5
20/09/2009,,4.5
21/09/2009,4.51,4.5
22/09/2009,4.49,4.5
23/09/2009,4.48,4.5
24/09/2009,4.46,4.5
25/09/2009,4.49,4.5
26/09/2009,,4.5
27/09/2009,,4.5
28/09/2009,4.52,4.5
29/09/2009,4.57,4.5
30/09/2009,4.65,4.5
01/10/2009,4.5,4.5
02/10/2009,4.52,4.5
03/10/2009,,4.5
04/10/2009,,4.5
05/10/2009,4.48,4.5
06/10/2009,4.47,4.5
07/10/2009,4.48,4.5
08/10/2009,4.51,4.5
09/10/2009,4.52,4.5
10/10/2009,,4.5
11/10/2009,,4.5
12/10/2009,4.5,4.5
13/10/2009,4.5,4.5
14/10/2009,4.51,4.5
15/10/2009,4.54,4.5
16/10/2009,4.57,4.5
17/10/2009,,4.5
18/10/2009,,4.5
19/10/2009,4.53,4.5
20/10/2009,4.54,4.5
21/10/2009,4.5,4.5
22/10/2009,4.5,4.5
23/10/2009,4.5,4.5
24/10/2009,,4.5
25/10/2009,,4.5
26/10/2009,4.49,4.5
27/10/2009,4.5,4.5
28/10/2009,4.54,4.5
29/10/2009,4.55,4.5
30/10/2009,4.58,4.5
31/10/2009,,4.5
01/11/2009,,4.5
02/11/2009,,4.5
03/11/2009,4.52,4.5
04/11/2009,4.6,4.5
05/11/2009,4.64,4.5
06/11/2009,4.7,4.5
07/11/2009,,4.5
08/11/2009,,4.5
09/11/2009,4.61,4.5
10/11/2009,4.7,4.5
11/11/2009,4.73,4.5
12/11/2009,4.67,4.5
13/11/2009,4.51,4.5
14/11/2009,,4.5
15/11/2009,,4.5
16/11/2009,,4.5
17/11/2009,4.51,4.5
18/11/2009,4.54,4.5
19/11/2009,4.53,4.5
20/11/2009,4.53,4.5
21/11/2009,,4.5
22/11/2009,,4.5
23/11/2009,4.51,4.5
24/11/2009,4.51,4.5
25/11/2009,4.52,4.5
26/11/2009,4.52,4.5
27/11/2009,4.58,4.5
28/11/2009,,4.5
29/11/2009,,4.5
30/11/2009,4.56,4.5
01/12/2009,4.53,4.5
02/12/2009,4.55,4.5
03/12/2009,4.54,4.5
04/12/2009,4.54,4.5
05/12/2009,,4.5
06/12/2009,,4.5
07/12/2009,4.54,4.5
08/12/2009,4.53,4.5
09/12/2009,4.54,4.5
10/12/2009,4.55,4.5
11/12/2009,4.58,4.5
12/12/2009,,4.5
13/12/2009,,4.5
14/12/2009,4.58,4.5
15/12/2009,4.75,4.5
16/12/2009,4.56,4.5
17/12/2009,4.56,4.5
18/12/2009,4.55,4.5
19/12/2009,,4.5
20/12/2009,,4.5
21/12/2009,4.59,4.5
22/12/2009,4.6,4.5
23/12/2009,4.95,4.5
24/12/2009,4.6,4.5
25/12/2009,,4.5
26/12/2009,,4.5
27/12/2009,,4.5
28/12/2009,4.6,4.5
29/12/2009,4.56,4.5
30/12/2009,4.57,4.5
31/12/2009,4.7,4.5
01/01/2010,,4.5
02/01/2010,,4.5
03/01/2010,,4.5
04/01/2010,4.55,4.5
05/01/2010,4.56,4.5
06/01/2010,4.55,4.5
07/01/2010,4.55,4.5
08/01/2010,4.56,4.5
09/01/2010,,4.5
10/01/2010,,4.5
11/01/2010,4.57,4.5
12/01/2010,4.58,4.5
13/01/2010,4.57,4.5
14/01/2010,4.56,4.5
15/01/2010,4.6,4.5
16/01/2010,,4.5
17/01/2010,,4.5
18/01/2010,4.59,4.5
19/01/2010,4.6,4.5
20/01/2010,4.6,4.5
21/01/2010,4.59,4.5
22/01/2010,4.59,4.5
23/01/2010,,4.5
24/01/2010,,4.5
25/01/2010,4.56,4.5
26/01/2010,4.57,4.5
27/01/2010,4.58,4.5
28/01/2010,4.58,4.5
29/01/2010,4.73,4.5
30/01/2010,,4.5
31/01/2010,,4.5
01/02/2010,,4.5
02/02/2010,4.6,4.5
03/02/2010,4.6,4.5
04/02/2010,4.61,4.5
05/02/2010,4.75,4.5
06/02/2010,,4.5
07/02/2010,,4.5
08/02/2010,4.68,4.5
09/02/2010,4.75,4.5
10/02/2010,4.83,4.5
11/02/2010,4.65,4.5
12/02/2010,4.63,4.5
13/02/2010,,4.5
14/02/2010,,4.5
15/02/2010,4.61,4.5
16/02/2010,4.62,4.5
17/02/2010,4.63,4.5
18/02/2010,4.63,4.5
19/02/2010,4.64,4.5
20/02/2010,,4.5
21/02/2010,,4.5
22/02/2010,4.63,4.5
23/02/2010,4.61,4.5
24/02/2010,4.61,4.5
25/02/2010,4.56,4.5
26/02/2010,4.56,4.5
27/02/2010,,4.5
28/02/2010,,4.5
01/03/2010,4.56,4.5
02/03/2010,4.56,4.5
03/03/2010,4.56,4.5
04/03/2010,4.56,4.5
05/03/2010,4.56,4.5
06/03/2010,,4.5
07/03/2010,,4.5
08/03/2010,4.56,4.5
09/03/2010,4.56,4.5
10/03/2010,4.56,4.5
11/03/2010,4.56,4.5
12/03/2010,4.56,4.5
13/03/2010,,4.5
14/03/2010,,4.5
15/03/2010,,4.5
16/03/2010,4.56,4.5
17/03/2010,4.56,4.5
18/03/2010,4.56,4.5
19/03/2010,4.56,4.5
20/03/2010,,4.5
21/03/2010,,4.5
22/03/2010,4.56,4.5
23/03/2010,4.57,4.5
24/03/2010,4.57,4.5
25/03/2010,4.56,4.5
26/03/2010,4.56,4.5
27/03/2010,,4.5
28/03/2010,,4.5
29/03/2010,4.57,4.5
30/03/2010,4.58,4.5
31/03/2010,4.59,4.5
01/04/2010,,4.5
02/04/2010,,4.5
03/04/2010,,4.5
04/04/2010,,4.5
05/04/2010,4.58,4.5
06/04/2010,4.59,4.5
07/04/2010,4.58,4.5
08/04/2010,4.58,4.5
09/04/2010,4.59,4.5
10/04/2010,,4.5
11/04/2010,,4.5
12/04/2010,4.59,4.5
13/04/2010,4.59,4.5
14/04/2010,4.6,4.5
15/04/2010,4.59,4.5
16/04/2010,4.6,4.5
17/04/2010,,4.5
18/04/2010,,4.5
19/04/2010,4.59,4.5
20/04/2010,4.59,4.5
21/04/2010,4.59,4.5
22/04/2010,4.59,4.5
23/04/2010,4.59,4.5
24/04/2010,,4.5
25/04/2010,,4.5
26/04/2010,4.59,4.5
27/04/2010,4.59,4.5
28/04/2010,4.6,4.5
29/04/2010,4.6,4.5
30/04/2010,4.68,4.5
01/05/2010,,4.5
02/05/2010,,4.5
03/05/2010,4.59,4.5
04/05/2010,4.6,4.5
05/05/2010,4.61,4.5
06/05/2010,4.63,4.5
07/05/2010,4.67,4.5
08/05/2010,,4.5
09/05/2010,,4.5
10/05/2010,4.6,4.5
11/05/2010,4.6,4.5
12/05/2010,4.6,4.5
13/05/2010,4.61,4.5
14/05/2010,4.62,4.5
15/05/2010,,4.5
16/05/2010,,4.5
17/05/2010,4.62,4.5
18/05/2010,4.62,4.5
19/05/2010,4.6,4.5
20/05/2010,4.58,4.5
21/05/2010,4.58,4.5
22/05/2010,,4.5
23/05/2010,,4.5
24/05/2010,4.58,4.5
25/05/2010,4.58,4.5
26/05/2010,4.58,4.5
27/05/2010,4.58,4.5
28/05/2010,4.58,4.5
29/05/2010,,4.5
30/05/2010,,4.5
31/05/2010,4.6,4.5
01/06/2010,4.58,4.5
02/06/2010,4.58,4.5
03/06/2010,4.58,4.5
04/06/2010,4.58,4.5
05/06/2010,,4.5
06/06/2010,,4.5
07/06/2010,4.58,4.5
08/06/2010,4.58,4.5
09/06/2010,4.58,4.5
10/06/2010,4.58,4.5
11/06/2010,4.59,4.5
12/06/2010,,4.5
13/06/2010,,4.5
14/06/2010,4.58,4.5
15/06/2010,4.58,4.5
16/06/2010,4.59,4.5
17/06/2010,4.59,4.5
18/06/2010,4.59,4.5
19/06/2010,,4.5
20/06/2010,,4.5
21/06/2010,4.59,4.5
22/06/2010,4.59,4.5
23/06/2010,4.6,4.5
24/06/2010,4.6,4.5
25/06/2010,4.59,4.5
26/06/2010,,4.5
27/06/2010,,4.5
28/06/2010,4.6,4.5
29/06/2010,4.6,4.5
30/06/2010,4.64,4.5
01/07/2010,4.61,4.5
02/07/2010,4.61,4.5
03/07/2010,,4.5
04/07/2010,,4.5
05/07/2010,4.61,4.5
06/07/2010,4.6,4.5
07/07/2010,4.61,4.5
08/07/2010,4.6,4.5
09/07/2010,4.61,4.5
10/07/2010,,4.5
11/07/2010,,4.5
12/07/2010,4.61,4.5
13/07/2010,4.61,4.5
14/07/2010,4.61,4.5
15/07/2010,4.62,4.5
16/07/2010,4.62,4.5
17/07/2010,,4.5
18/07/2010,,4.5
19/07/2010,4.62,4.5
20/07/2010,4.63,4.5
21/07/2010,4.63,4.5
22/07/2010,4.63,4.5
23/07/2010,4.63,4.5
24/07/2010,,4.5
25/07/2010,,4.5
26/07/2010,4.63,4.5
27/07/2010,4.63,4.5
28/07/2010,4.61,4.5
29/07/2010,4.56,4.5
30/07/2010,4.6,4.5
31/07/2010,,4.5
01/08/2010,,4.5
02/08/2010,4.58,4.5
03/08/2010,4.57,4.5
04/08/2010,4.57,4.5
05/08/2010,4.58,4.5
06/08/2010,4.58,4.5
07/08/2010,,4.5
08/08/2010,,4.5
09/08/2010,4.58,4.5
10/08/2010,4.59,4.5
11/08/2010,4.6,4.5
12/08/2010,4.6,4.5
13/08/2010,4.6,4.5
14/08/2010,,4.5
15/08/2010,,4.5
16/08/2010,4.61,4.5
17/08/2010,4.61,4.5
18/08/2010,4.62,4.5
19/08/2010,4.62,4.5
20/08/2010,4.62,4.5
21/08/2010,,4.5
22/08/2010,,4.5
23/08/2010,4.62,4.5
24/08/2010,4.61,4.5
25/08/2010,4.61,4.5
26/08/2010,4.61,4.5
27/08/2010,4.6,4.5
28/08/2010,,4.5
29/08/2010,,4.5
30/08/2010,4.57,4.5
31/08/2010,4.58,4.5
01/09/2010,4.57,4.5
02/09/2010,4.56,4.5
03/09/2010,4.56,4.5
04/09/2010,,4.5
05/09/2010,,4.5
06/09/2010,4.55,4.5
07/09/2010,4.55,4.5
08/09/2010,4.55,4.5
09/09/2010,4.55,4.5
10/09/2010,4.55,4.5
11/09/2010,,4.5
12/09/2010,,4.5
13/09/2010,4.55,4.5
14/09/2010,4.55,4.5
15/09/2010,4.57,4.5
16/09/2010,,4.5
17/09/2010,,4.5
18/09/2010,,4.5
19/09/2010,,4.5
20/09/2010,4.56,4.5
21/09/2010,4.56,4.5
22/09/2010,4.56,4.5
23/09/2010,4.55,4.5
24/09/2010,4.55,4.5
25/09/2010,,4.5
26/09/2010,,4.5
27/09/2010,4.55,4.5
28/09/2010,4.56,4.5
29/09/2010,4.55,4.5
30/09/2010,4.58,4.5
01/10/2010,4.57,4.5
02/10/2010,,4.5
03/10/2010,,4.5
04/10/2010,4.58,4.5
05/10/2010,4.58,4.5
06/10/2010,4.56,4.5
07/10/2010,4.54,4.5
08/10/2010,4.55,4.5
09/10/2010,,4.5
10/10/2010,,4.5
11/10/2010,4.55,4.5
12/10/2010,4.54,4.5
13/10/2010,4.48,4.5
14/10/2010,4.43,4.5
15/10/2010,4.42,4.5
16/10/2010,,4.5
17/10/2010,,4.5
18/10/2010,4.5,4.5
19/10/2010,4.48,4.5
20/10/2010,4.51,4.5
21/10/2010,4.52,4.5
22/10/2010,4.53,4.5
23/10/2010,,4.5
24/10/2010,,4.5
25/10/2010,4.52,4.5
26/10/2010,4.53,4.5
27/10/2010,4.53,4.5
28/10/2010,4.52,4.5
29/10/2010,4.55,4.5
30/10/2010,,4.5
31/10/2010,,4.5
01/11/2010,4.55,4.5
02/11/2010,,4.5
03/11/2010,4.55,4.5
04/11/2010,4.59,4.5
05/11/2010,4.56,4.5
06/11/2010,,4.5
07/11/2010,,4.5
08/11/2010,4.54,4.5
09/11/2010,4.55,4.5
10/11/2010,4.54,4.5
11/11/2010,4.55,4.5
12/11/2010,4.55,4.5
13/11/2010,,4.5
14/11/2010,,4.5
15/11/2010,,4.5
16/11/2010,4.55,4.5
17/11/2010,4.58,4.5
18/11/2010,4.57,4.5
19/11/2010,4.55,4.5
20/11/2010,,4.5
21/11/2010,,4.5
22/11/2010,4.56,4.5
23/11/2010,4.55,4.5
24/11/2010,4.55,4.5
25/11/2010,4.54,4.5
26/11/2010,4.54,4.5
27/11/2010,,4.5
28/11/2010,,4.5
29/11/2010,4.55,4.5
30/11/2010,4.6,4.5
01/12/2010,4.6,4.5
02/12/2010,4.65,4.5
03/12/2010,4.6,4.5
04/12/2010,,4.5
05/12/2010,,4.5
06/12/2010,4.56,4.5
07/12/2010,4.56,4.5
08/12/2010,4.55,4.5
09/12/2010,4.56,4.5
10/12/2010,4.6,4.5
11/12/2010,,4.5
12/12/2010,,4.5
13/12/2010,4.59,4.5
14/12/2010,4.61,4.5
15/12/2010,4.66,4.5
16/12/2010,4.65,4.5
17/12/2010,4.63,4.5
18/12/2010,,4.5
19/12/2010,,4.5
20/12/2010,4.67,4.5
21/12/2010,4.62,4.5
22/12/2010,4.6,4.5
23/12/2010,4.56,4.5
24/12/2010,4.75,4.5
25/12/2010,,4.5
26/12/2010,,4.5
27/12/2010,4.65,4.5
28/12/2010,4.59,4.5
29/12/2010,4.55,4.5
30/12/2010,4.57,4.5
31/12/2010,4.58,4.5
01/01/2011,,4.5
02/01/2011,,4.5
03/01/2011,4.56,4.5
04/01/2011,4.55,4.5
05/01/2011,4.55,4.5
06/01/2011,4.55,4.5
07/01/2011,4.55,4.5
08/01/2011,,4.5
09/01/2011,,4.5
10/01/2011,4.55,4.5
11/01/2011,4.55,4.5
12/01/2011,4.54,4.5
13/01/2011,4.55,4.5
14/01/2011,4.55,4.5
15/01/2011,,4.5
16/01/2011,,4.5
17/01/2011,4.55,4.5
18/01/2011,4.55,4.5
19/01/2011,4.55,4.5
20/01/2011,4.55,4.5
21/01/2011,4.55,4.5
22/01/2011,,4.5
23/01/2011,,4.5
24/01/2011,4.55,4.5
25/01/2011,4.55,4.5
26/01/2011,4.55,4.5
27/01/2011,4.54,4.5
28/01/2011,4.54,4.5
29/01/2011,,4.5
30/01/2011,,4.5
31/01/2011,4.56,4.5
01/02/2011,4.54,4.5
02/02/2011,4.54,4.5
03/02/2011,4.54,4.5
04/02/2011,4.54,4.5
05/02/2011,,4.5
06/02/2011,,4.5
07/02/2011,,4.5
08/02/2011,4.54,4.5
09/02/2011,4.54,4.5
10/02/2011,4.53,4.5
11/02/2011,4.53,4.5
12/02/2011,,4.5
13/02/2011,,4.5
14/02/2011,4.53,4.5
15/02/2011,4.53,4.5
16/02/2011,4.52,4.5
17/02/2011,4.51,4.5
18/02/2011,4.4,4.5
19/02/2011,,4.5
20/02/2011,,4.5
21/02/2011,4.52,4.5
22/02/2011,4.53,4.5
23/02/2011,4.52,4.5
24/02/2011,4.51,4.5
25/02/2011,4.47,4.5
26/02/2011,,4.5
27/02/2011,,4.5
28/02/2011,4.51,4.5
01/03/2011,4.48,4.5
02/03/2011,4.48,4.5
03/03/2011,4.48,4.5
04/03/2011,4.48,4.5
05/03/2011,,4.5
06/03/2011,,4.5
07/03/2011,4.48,4.5
08/03/2011,4.48,4.5
09/03/2011,4.48,4.5
10/03/2011,4.48,4.5
11/03/2011,4.49,4.5
12/03/2011,,4.5
13/03/2011,,4.5
14/03/2011,4.49,4.5
15/03/2011,4.48,4.5
16/03/2011,4.48,4.5
17/03/2011,4.49,4.5
18/03/2011,4.5,4.5
19/03/2011,,4.5
20/03/2011,,4.5
21/03/2011,,4.5
22/03/2011,4.49,4.5
23/03/2011,4.49,4.5
24/03/2011,4.5,4.5
25/03/2011,4.5,4.5
26/03/2011,,4.5
27/03/2011,,4.5
28/03/2011,4.5,4.5
29/03/2011,4.5,4.5
30/03/2011,4.5,4.5
31/03/2011,4.5,4.5
01/04/2011,4.5,4.5
02/04/2011,,4.5
03/04/2011,,4.5
04/04/2011,4.5,4.5
05/04/2011,4.5,4.5
06/04/2011,4.5,4.5
07/04/2011,4.51,4.5
08/04/2011,4.5,4.5
09/04/2011,,4.5
10/04/2011,,4.5
11/04/2011,4.5,4.5
12/04/2011,4.5,4.5
13/04/2011,4.5,4.5
14/04/2011,4.51,4.5
15/04/2011,4.5,4.5
16/04/2011,,4.5
17/04/2011,,4.5
18/04/2011,4.51,4.5
19/04/2011,4.5,4.5
20/04/2011,4.52,4.5
21/04/2011,,4.5
22/04/2011,,4.5
23/04/2011,,4.5
24/04/2011,,4.5
25/04/2011,4.51,4.5
26/04/2011,4.51,4.5
27/04/2011,4.51,4.5
28/04/2011,4.5,4.5
29/04/2011,4.51,4.5
30/04/2011,,4.5
01/05/2011,,4.5
02/05/2011,4.5,4.5
03/05/2011,4.5,4.5
04/05/2011,4.5,4.5
05/05/2011,4.5,4.5
06/05/2011,4.48,4.5
07/05/2011,,4.5
08/05/2011,,4.5
09/05/2011,4.48,4.5
10/05/2011,4.48,4.5
11/05/2011,4.48,4.5
12/05/2011,4.48,4.5
13/05/2011,4.48,4.5
14/05/2011,,4.5
15/05/2011,,4.5
16/05/2011,4.49,4.5
17/05/2011,4.49,4.5
18/05/2011,4.49,4.5
19/05/2011,4.49,4.5
20/05/2011,4.49,4.5
21/05/2011,,4.5
22/05/2011,,4.5
23/05/2011,4.48,4.5
24/05/2011,4.46,4.5
25/05/2011,4.39,4.5
26/05/2011,4.34,4.5
27/05/2011,4.35,4.5
28/05/2011,,4.5
29/05/2011,,4.5
30/05/2011,4.42,4.5
31/05/2011,4.49,4.5
01/06/2011,4.45,4.5
02/06/2011,4.45,4.5
03/06/2011,4.44,4.5
04/06/2011,,4.5
05/06/2011,,4.5
06/06/2011,4.45,4.5
07/06/2011,4.46,4.5
08/06/2011,4.48,4.5
09/06/2011,4.48,4.5
10/06/2011,4.49,4.5
11/06/2011,,4.5
12/06/2011,,4.5
13/06/2011,4.5,4.5
14/06/2011,4.5,4.5
15/06/2011,4.5,4.5
16/06/2011,4.51,4.5
17/06/2011,4.53,4.5
18/06/2011,,4.5
19/06/2011,,4.5
20/06/2011,4.5,4.5
21/06/2011,4.51,4.5
22/06/2011,4.51,4.5
23/06/2011,4.51,4.5
24/06/2011,4.51,4.5
25/06/2011,,4.5
26/06/2011,,4.5
27/06/2011,4.51,4.5
28/06/2011,4.51,4.5
29/06/2011,4.51,4.5
30/06/2011,4.53,4.5
01/07/2011,4.51,4.5
02/07/2011,,4.5
03/07/2011,,4.5
04/07/2011,4.5,4.5
05/07/2011,4.48,4.5
06/07/2011,4.45,4.5
07/07/2011,4.45,4.5
08/07/2011,4.45,4.5
09/07/2011,,4.5
10/07/2011,,4.5
11/07/2011,4.45,4.5
12/07/2011,4.46,4.5
13/07/2011,4.47,4.5
14/07/2011,4.46,4.5
15/07/2011,4.48,4.5
16/07/2011,,4.5
17/07/2011,,4.5
18/07/2011,4.48,4.5
19/07/2011,4.49,4.5
20/07/2011,4.49,4.5
21/07/2011,4.49,4.5
22/07/2011,4.48,4.5
23/07/2011,,4.5
24/07/2011,,4.5
25/07/2011,4.47,4.5
26/07/2011,4.47,4.5
27/07/2011,4.46,4.5
28/07/2011,4.46,4.5
29/07/2011,4.46,4.5
30/07/2011,,4.5
31/07/2011,,4.5
01/08/2011,4.45,4.5
02/08/2011,4.45,4.5
03/08/2011,4.45,4.5
04/08/2011,4.45,4.5
05/08/2011,4.52,4.5
06/08/2011,,4.5
07/08/2011,,4.5
08/08/2011,4.45,4.5
09/08/2011,4.44,4.5
10/08/2011,4.45,4.5
11/08/2011,4.43,4.5
12/08/2011,4.46,4.5
13/08/2011,,4.5
14/08/2011,,4.5
15/08/2011,4.46,4.5
16/08/2011,4.46,4.5
17/08/2011,4.45,4.5
18/08/2011,4.45,4.5
19/08/2011,4.45,4.5
20/08/2011,,4.5
21/08/2011,,4.5
22/08/2011,4.44,4.5
23/08/2011,4.44,4.5
24/08/2011,4.44,4.5
25/08/2011,4.44,4.5
26/08/2011,4.4,4.5
27/08/2011,,4.5
28/08/2011,,4.5
29/08/2011,4.4,4.5
30/08/2011,4.4,4.5
31/08/2011,4.37,4.5
01/09/2011,4.36,4.5
02/09/2011,4.35,4.5
03/09/2011,,4.5
04/09/2011,,4.5
05/09/2011,4.35,4.5
06/09/2011,4.35,4.5
07/09/2011,4.35,4.5
08/09/2011,4.34,4.5
09/09/2011,4.34,4.5
10/09/2011,,4.5
11/09/2011,,4.5
12/09/2011,4.31,4.5
13/09/2011,4.34,4.5
14/09/2011,4.33,4.5
15/09/2011,4.29,4.5
16/09/2011,,4.5
17/09/2011,,4.5
18/09/2011,,4.5
19/09/2011,4.29,4.5
20/09/2011,4.32,4.5
21/09/2011,4.4,4.5
22/09/2011,4.52,4.5
23/09/2011,4.52,4.5
24/09/2011,,4.5
25/09/2011,,4.5
26/09/2011,4.46,4.5
27/09/2011,4.38,4.5
28/09/2011,4.36,4.5
29/09/2011,4.36,4.5
30/09/2011,4.39,4.5
01/10/2011,,4.5
02/10/2011,,4.5
03/10/2011,4.38,4.5
04/10/2011,4.42,4.5
05/10/2011,4.4,4.5
06/10/2011,4.38,4.5
07/10/2011,4.36,4.5
08/10/2011,,4.5
09/10/2011,,4.5
10/10/2011,4.36,4.5
11/10/2011,4.36,4.5
12/10/2011,4.35,4.5
13/10/2011,4.36,4.5
14/10/2011,4.36,4.5
15/10/2011,,4.5
16/10/2011,,4.5
17/10/2011,4.33,4.5
18/10/2011,4.33,4.5
19/10/2011,4.33,4.5
20/10/2011,4.31,4.5
21/10/2011,4.35,4.5
22/10/2011,,4.5
23/10/2011,,4.5
24/10/2011,4.39,4.5
25/10/2011,4.41,4.5
26/10/2011,4.41,4.5
27/10/2011,4.38,4.5
28/10/2011,4.35,4.5
29/10/2011,,4.5
30/10/2011,,4.5
31/10/2011,4.42,4.5
01/11/2011,4.4,4.5
02/11/2011,,4.5
03/11/2011,4.4,4.5
04/11/2011,4.39,4.5
05/11/2011,,4.5
06/11/2011,,4.5
07/11/2011,4.4,4.5
08/11/2011,4.38,4.5
09/11/2011,4.37,4.5
10/11/2011,4.37,4.5
11/11/2011,4.37,4.5
12/11/2011,,4.5
13/11/2011,,4.5
14/11/2011,4.37,4.5
15/11/2011,4.37,4.5
16/11/2011,4.37,4.5
17/11/2011,4.42,4.5
18/11/2011,4.39,4.5
19/11/2011,,4.5
20/11/2011,,4.5
21/11/2011,,4.5
22/11/2011,4.39,4.5
23/11/2011,4.41,4.5
24/11/2011,4.42,4.5
25/11/2011,4.43,4.5
26/11/2011,,4.5
27/11/2011,,4.5
28/11/2011,4.43,4.5
29/11/2011,4.5,4.5
30/11/2011,4.6,4.5
01/12/2011,4.43,4.5
02/12/2011,4.45,4.5
03/12/2011,,4.5
04/12/2011,,4.5
05/12/2011,4.44,4.5
06/12/2011,4.43,4.5
07/12/2011,4.42,4.5
08/12/2011,4.42,4.5
09/12/2011,4.48,4.5
10/12/2011,,4.5
11/12/2011,,4.5
12/12/2011,,4.5
13/12/2011,4.47,4.5
14/12/2011,4.5,4.5
15/12/2011,4.55,4.5
16/12/2011,4.55,4.5
17/12/2011,,4.5
18/12/2011,,4.5
19/12/2011,4.55,4.5
20/12/2011,4.55,4.5
21/12/2011,4.55,4.5
22/12/2011,4.55,4.5
23/12/2011,4.53,4.5
24/12/2011,,4.5
25/12/2011,,4.5
26/12/2011,4.54,4.5
27/12/2011,4.52,4.5
28/12/2011,4.52,4.5
29/12/2011,4.51,4.5
30/12/2011,4.52,4.5
31/12/2011,,4.5
01/01/2012,,4.5
02/01/2012,4.52,4.5
03/01/2012,4.52,4.5
04/01/2012,4.5,4.5
05/01/2012,4.5,4.5
06/01/2012,4.49,4.5
07/01/2012,,4.5
08/01/2012,,4.5
09/01/2012,4.48,4.5
10/01/2012,4.48,4.5
11/01/2012,4.46,4.5
12/01/2012,4.44,4.5
13/01/2012,4.45,4.5
14/01/2012,,4.5
15/01/2012,,4.5
16/01/2012,4.45,4.5
17/01/2012,4.45,4.5
18/01/2012,4.42,4.5
19/01/2012,4.41,4.5
20/01/2012,4.41,4.5
22/01/2012,,4.5
23/01/2012,4.5,4.5
24/01/2012,4.52,4.5
25/01/2012,4.51,4.5
26/01/2012,4.5,4.5
27/01/2012,4.5,4.5
28/01/2012,,4.5
29/01/2012,,4.5
30/01/2012,4.5,4.5
31/01/2012,4.53,4.5
01/02/2012,4.51,4.5
02/02/2012,4.51,4.5
03/02/2012,4.49,4.5
04/02/2012,,4.5
05/02/2012,,4.5
06/02/2012,,4.5
07/02/2012,4.5,4.5
08/02/2012,4.5,4.5
09/02/2012,4.5,4.5
10/02/2012,4.5,4.5
11/02/2012,,4.5
12/02/2012,,4.5
13/02/2012,4.5,4.5
14/02/2012,4.5,4.5
15/02/2012,4.49,4.5
16/02/2012,4.49,4.5
17/02/2012,4.49,4.5
18/02/2012,,4.5
19/02/2012,,4.5
20/02/2012,4.49,4.5
21/02/2012,4.5,4.5
22/02/2012,4.49,4.5
23/02/2012,4.49,4.5
24/02/2012,4.5,4.5
25/02/2012,,4.5
26/02/2012,,4.5
27/02/2012,4.49,4.5
28/02/2012,4.49,4.5
29/02/2012,4.51,4.5
01/03/2012,4.49,4.5
02/03/2012,4.5,4.5
03/03/2012,,4.5
04/03/2012,,4.5
05/03/2012,4.5,4.5
06/03/2012,4.5,4.5
07/03/2012,4.51,4.5
08/03/2012,4.49,4.5
09/03/2012,4.5,4.5
10/03/2012,,4.5
11/03/2012,,4.5
12/03/2012,4.5,4.5
13/03/2012,4.5,4.5
14/03/2012,4.5,4.5
15/03/2012,4.49,4.5
16/03/2012,4.5,4.5
17/03/2012,,4.5
18/03/2012,,4.5
19/03/2012,,4.5
20/03/2012,4.5,4.5
21/03/2012,4.5,4.5
22/03/2012,4.5,4.5
23/03/2012,4.49,4.5
24/03/2012,,4.5
25/03/2012,,4.5
26/03/2012,4.49,4.5
27/03/2012,4.49,4.5
28/03/2012,4.49,4.5
29/03/2012,4.49,4.5
30/03/2012,4.52,4.5
31/03/2012,,4.5
01/04/2012,,4.5
02/04/2012,4.5,4.5
03/04/2012,4.51,4.5
04/04/2012,4.52,4.5
05/04/2012,,4.5
06/04/2012,,4.5
07/04/2012,,4.5
08/04/2012,,4.5
09/04/2012,4.49,4.5
10/04/2012,4.49,4.5
11/04/2012,4.49,4.5
12/04/2012,4.5,4.5
13/04/2012,4.49,4.5
15/04/2012,,4.5
16/04/2012,4.49,4.5
17/04/2012,4.48,4.5
18/04/2012,4.38,4.5
19/04/2012,4.34,4.5
20/04/2012,4.47,4.5
21/04/2012,,4.5
22/04/2012,,4.5
23/04/2012,4.5,4.5
24/04/2012,4.5,4.5
25/04/2012,4.51,4.5
26/04/2012,4.5,4.5
27/04/2012,4.5,4.5
28/04/2012,,4.5
29/04/2012,,4.5
30/04/2012,4.52,4.5
01/05/2012,,4.5
02/05/2012,4.5,4.5
03/05/2012,4.5,4.5
04/05/2012,4.51,4.5
05/05/2012,,4.5
06/05/2012,,4.5
07/05/2012,4.51,4.5
08/05/2012,4.51,4.5
09/05/2012,4.52,4.5
10/05/2012,4.51,4.5
11/05/2012,4.52,4.5
12/05/2012,,4.5
13/05/2012,,4.5
14/05/2012,4.51,4.5
15/05/2012,4.51,4.5
16/05/2012,4.5,4.5
17/05/2012,4.49,4.5
18/05/2012,4.48,4.5
19/05/2012,,4.5
20/05/2012,,4.5
21/05/2012,4.5,4.5
22/05/2012,4.5,4.5
23/05/2012,4.51,4.5
24/05/2012,4.51,4.5
25/05/2012,4.51,4.5
26/05/2012,,4.5
27/05/2012,,4.5
28/05/2012,4.51,4.5
29/05/2012,4.51,4.5
30/05/2012,4.5,4.5
31/05/2012,4.5,4.5
01/06/2012,4.51,4.5
02/06/2012,,4.5
03/06/2012,,4.5
04/06/2012,4.51,4.5
05/06/2012,4.5,4.5
06/06/2012,4.5,4.5
07/06/2012,4.5,4.5
08/06/2012,4.5,4.5
09/06/2012,,4.5
10/06/2012,,4.5
11/06/2012,4.5,4.5
12/06/2012,4.5,4.5
13/06/2012,4.5,4.5
14/06/2012,4.5,4.5
15/06/2012,4.5,4.5
16/06/2012,,4.5
17/06/2012,,4.5
18/06/2012,4.48,4.5
19/06/2012,4.49,4.5
20/06/2012,4.5,4.5
21/06/2012,4.48,4.5
22/06/2012,4.48,4.5
23/06/2012,,4.5
24/06/2012,,4.5
25/06/2012,4.48,4.5
26/06/2012,4.48,4.5
27/06/2012,4.48,4.5
28/06/2012,4.48,4.5
29/06/2012,4.48,4.5
30/06/2012,,4.5
01/07/2012,,4.5
02/07/2012,4.48,4.5
03/07/2012,4.48,4.5
04/07/2012,4.48,4.5
05/07/2012,4.48,4.5
06/07/2012,4.48,4.5
07/07/2012,,4.5
08/07/2012,,4.5
09/07/2012,4.48,4.5
10/07/2012,4.48,4.5
11/07/2012,4.48,4.5
12/07/2012,4.46,4.5
13/07/2012,4.47,4.5
14/07/2012,,4.5
15/07/2012,,4.5
16/07/2012,4.47,4.5
17/07/2012,4.46,4.5
18/07/2012,4.46,4.5
19/07/2012,4.47,4.5
20/07/2012,4.47,4.5
21/07/2012,,4.5
22/07/2012,,4.5
23/07/2012,4.47,4.5
24/07/2012,4.5,4.5
25/07/2012,4.49,4.5
26/07/2012,4.49,4.5
27/07/2012,4.49,4.5
28/07/2012,,4.5
29/07/2012,,4.5
30/07/2012,4.49,4.5
31/07/2012,4.5,4.5
01/08/2012,4.49,4.5
02/08/2012,4.49,4.5
03/08/2012,4.49,4.5
04/08/2012,,4.5
05/08/2012,,4.5
06/08/2012,4.49,4.5
07/08/2012,4.49,4.5
08/08/2012,4.49,4.5
09/08/2012,4.49,4.5
10/08/2012,4.49,4.5
11/08/2012,,4.5
12/08/2012,,4.5
13/08/2012,4.49,4.5
14/08/2012,4.49,4.5
15/08/2012,4.49,4.5
16/08/2012,4.49,4.5
17/08/2012,4.49,4.5
18/08/2012,,4.5
19/08/2012,,4.5
20/08/2012,4.48,4.5
21/08/2012,4.48,4.5
22/08/2012,4.49,4.5
23/08/2012,4.5,4.5
24/08/2012,4.5,4.5
25/08/2012,,4.5
26/08/2012,,4.5
27/08/2012,4.5,4.5
28/08/2012,4.5,4.5
29/08/2012,4.5,4.5
30/08/2012,4.51,4.5
31/08/2012,4.52,4.5
01/09/2012,,4.5
02/09/2012,,4.5
03/09/2012,4.5,4.5
04/09/2012,4.5,4.5
05/09/2012,4.5,4.5
06/09/2012,4.5,4.5
07/09/2012,4.5,4.5
08/09/2012,,4.5
09/09/2012,,4.5
10/09/2012,4.5,4.5
11/09/2012,4.5,4.5
12/09/2012,4.5,4.5
13/09/2012,4.5,4.5
14/09/2012,4.5,4.5
15/09/2012,,4.5
16/09/2012,,4.5
17/09/2012,4.5,4.5
18/09/2012,4.5,4.5
19/09/2012,4.5,4.5
20/09/2012,4.5,4.5
21/09/2012,4.5,4.5
22/09/2012,,4.5
23/09/2012,,4.5
24/09/2012,4.5,4.5
25/09/2012,4.5,4.5
26/09/2012,4.5,4.5
27/09/2012,4.5,4.5
28/09/2012,4.52,4.5
29/09/2012,,4.5
30/09/2012,,4.5
01/10/2012,4.5,4.5
02/10/2012,4.5,4.5
03/10/2012,4.5,4.5
04/10/2012,4.5,4.5
05/10/2012,4.5,4.5
06/10/2012,,4.5
07/10/2012,,4.5
08/10/2012,4.5,4.5
09/10/2012,4.5,4.5
10/10/2012,4.5,4.5
11/10/2012,4.5,4.5
12/10/2012,4.5,4.5
13/10/2012,,4.5
14/10/2012,,4.5
15/10/2012,4.5,4.5
16/10/2012,4.5,4.5
17/10/2012,4.5,4.5
18/10/2012,4.5,4.5
19/10/2012,4.5,4.5
20/10/2012,,4.5
21/10/2012,,4.5
22/10/2012,4.5,4.5
23/10/2012,4.5,4.5
24/10/2012,4.5,4.5
25/10/2012,4.5,4.5
26/10/2012,4.5,4.5
27/10/2012,,4.5
28/10/2012,,4.5
29/10/2012,4.5,4.5
30/10/2012,4.5,4.5
31/10/2012,4.52,4.5
01/11/2012,4.53,4.5
02/11/2012,,4.5
03/11/2012,,4.5
04/11/2012,,4.5
05/11/2012,4.51,4.5
06/11/2012,4.5,4.5
07/11/2012,4.5,4.5
08/11/2012,4.5,4.5
09/11/2012,4.5,4.5
10/11/2012,,4.5
11/11/2012,,4.5
12/11/2012,4.5,4.5
13/11/2012,4.5,4.5
14/11/2012,4.5,4.5
15/11/2012,4.5,4.5
16/11/2012,4.52,4.5
17/11/2012,,4.5
18/11/2012,,4.5
19/11/2012,,4.5
20/11/2012,4.5,4.5
21/11/2012,4.5,4.5
22/11/2012,4.5,4.5
23/11/2012,4.5,4.5
24/11/2012,,4.5
25/11/2012,,4.5
26/11/2012,4.5,4.5
27/11/2012,4.5,4.5
28/11/2012,4.5,4.5
29/11/2012,4.5,4.5
30/11/2012,4.51,4.5
01/12/2012,,4.5
02/12/2012,,4.5
03/12/2012,4.5,4.5
04/12/2012,4.5,4.5
05/12/2012,4.5,4.5
06/12/2012,4.5,4.5
07/12/2012,4.5,4.5
08/12/2012,,4.5
09/12/2012,,4.5
10/12/2012,4.5,4.5
11/12/2012,4.5,4.5
12/12/2012,,4.5
13/12/2012,4.5,4.5
14/12/2012,4.5,4.5
15/12/2012,,4.5
16/12/2012,,4.5
17/12/2012,4.5,4.5
18/12/2012,4.53,4.5
19/12/2012,4.53,4.5
20/12/2012,4.51,4.5
21/12/2012,4.51,4.5
22/12/2012,,4.5
23/12/2012,,4.5
24/12/2012,4.51,4.5
25/12/2012,,4.5
26/12/2012,4.51,4.5
27/12/2012,4.51,4.5
28/12/2012,4.51,4.5
29/12/2012,,4.5
30/12/2012,,4.5
31/12/2012,4.52,4.5
01/01/2013,,4.5
02/01/2013,4.51,4.5
03/01/2013,4.5,4.5
04/01/2013,4.49,4.5
05/01/2013,,4.5
06/01/2013,,4.5
07/01/2013,4.49,4.5
08/01/2013,4.48,4.5
09/01/2013,4.47,4.5
10/01/2013,4.46,4.5
11/01/2013,4.5,4.5
12/01/2013,,4.5
13/01/2013,,4.5
14/01/2013,4.5,4.5
15/01/2013,4.5,4.5
16/01/2013,4.5,4.5
17/01/2013,4.5,4.5
18/01/2013,4.5,4.5
19/01/2013,,4.5
20/01/2013,,4.5
21/01/2013,4.5,4.5
22/01/2013,4.5,4.5
23/01/2013,4.5,4.5
24/01/2013,4.5,4.5
25/01/2013,4.5,4.5
26/01/2013,,4.5
27/01/2013,,4.5
28/01/2013,4.49,4.5
29/01/2013,4.48,4.5
30/01/2013,4.47,4.5
31/01/2013,4.49,4.5
01/02/2013,4.49,4.5
02/02/2013,,4.5
03/02/2013,,4.5
04/02/2013,,4.5
05/02/2013,4.5,4.5
06/02/2013,4.5,4.5
07/02/2013,4.5,4.5
08/02/2013,4.49,4.5
09/02/2013,,4.5
10/02/2013,,4.5
11/02/2013,4.49,4.5
12/02/2013,4.48,4.5
13/02/2013,4.48,4.5
14/02/2013,4.48,4.5
15/02/2013,4.49,4.5
16/02/2013,,4.5
17/02/2013,,4.5
18/02/2013,4.49,4.5
19/02/2013,4.49,4.5
20/02/2013,4.49,4.5
21/02/2013,4.49,4.5
22/02/2013,4.5,4.5
23/02/2013,,4.5
24/02/2013,,4.5
25/02/2013,4.5,4.5
26/02/2013,4.5,4.5
27/02/2013,4.5,4.5
28/02/2013,4.51,4.5
01/03/2013,4.5,4.5
02/03/2013,,4.5
03/03/2013,,4.5
04/03/2013,4.5,4.5
05/03/2013,4.5,4.5
06/03/2013,4.51,4.5
07/03/2013,4.5,4.5
08/03/2013,4.01,4
09/03/2013,,4
10/03/2013,,4
11/03/2013,4.01,4
12/03/2013,4,4
13/03/2013,4,4
14/03/2013,4,4
15/03/2013,4.04,4
16/03/2013,,4
17/03/2013,,4
18/03/2013,,4
19/03/2013,4,4
20/03/2013,4,4
21/03/2013,4,4
22/03/2013,4.01,4
23/03/2013,,4
24/03/2013,,4
25/03/2013,4.01,4
26/03/2013,4.05,4
27/03/2013,4.07,4
28/03/2013,,4
29/03/2013,,4
30/03/2013,,4
31/03/2013,,4
01/04/2013,4.01,4
02/04/2013,4.01,4
03/04/2013,4.04,4
04/04/2013,4.04,4
05/04/2013,4.02,4
06/04/2013,,4
07/04/2013,,4
08/04/2013,4.02,4
09/04/2013,4.03,4
10/04/2013,4.02,4
11/04/2013,4.02,4
12/04/2013,4.01,4
13/04/2013,,4
14/04/2013,,4
15/04/2013,4.01,4
16/04/2013,4.02,4
17/04/2013,4.01,4
18/04/2013,4.01,4
19/04/2013,4.01,4
20/04/2013,,4
21/04/2013,,4
22/04/2013,4.01,4
23/04/2013,4.01,4
24/04/2013,4.01,4
25/04/2013,4.01,4
26/04/2013,4.01,4
27/04/2013,,4
28/04/2013,,4
29/04/2013,4.01,4
30/04/2013,4.06,4
01/05/2013,,4
02/05/2013,4.03,4
03/05/2013,4.02,4
04/05/2013,,4
05/05/2013,,4
06/05/2013,4.02,4
07/05/2013,4.02,4
08/05/2013,4.01,4
09/05/2013,4.02,4
10/05/2013,4.01,4
11/05/2013,,4
12/05/2013,,4
13/05/2013,4.01,4
14/05/2013,4.01,4
15/05/2013,4.02,4
16/05/2013,4.03,4
17/05/2013,4.02,4
18/05/2013,,4
19/05/2013,,4
20/05/2013,4.02,4
21/05/2013,4.03,4
22/05/2013,4.02,4
23/05/2013,4.01,4
24/05/2013,4.01,4
25/05/2013,,4
26/05/2013,,4
27/05/2013,4.01,4
28/05/2013,4.02,4
29/05/2013,4.02,4
30/05/2013,4.02,4
31/05/2013,4.06,4
01/06/2013,,4
02/06/2013,,4
03/06/2013,4.02,4
04/06/2013,4.02,4
05/06/2013,4.02,4
06/06/2013,4.02,4
07/06/2013,4.02,4
08/06/2013,,4
09/06/2013,,4
10/06/2013,4.02,4
11/06/2013,4.02,4
12/06/2013,4.02,4
13/06/2013,4.02,4
14/06/2013,4.02,4
15/06/2013,,4
16/06/2013,,4
17/06/2013,4.02,4
18/06/2013,4.02,4
19/06/2013,4.02,4
20/06/2013,4.02,4
21/06/2013,4.02,4
22/06/2013,,4
23/06/2013,,4
24/06/2013,4.01,4
25/06/2013,4,4
26/06/2013,3.99,4
27/06/2013,3.99,4
28/06/2013,4.04,4
29/06/2013,,4
30/06/2013,,4
01/07/2013,4.01,4
02/07/2013,4.01,4
03/07/2013,4.01,4
04/07/2013,4,4
05/07/2013,4.01,4
06/07/2013,,4
07/07/2013,,4
08/07/2013,4.01,4
09/07/2013,4.01,4
10/07/2013,4.01,4
11/07/2013,4.01,4
12/07/2013,4.01,4
13/07/2013,,4
14/07/2013,,4
15/07/2013,4.01,4
16/07/2013,4.01,4
17/07/2013,4.01,4
18/07/2013,4.01,4
19/07/2013,4.01,4
20/07/2013,,4
21/07/2013,,4
22/07/2013,4.01,4
23/07/2013,4.01,4
24/07/2013,4,4
25/07/2013,4,4
26/07/2013,4,4
27/07/2013,,4
28/07/2013,,4
29/07/2013,4,4
30/07/2013,4,4
31/07/2013,4.02,4
01/08/2013,4.01,4
02/08/2013,4.01,4
03/08/2013,,4
04/08/2013,,4
05/08/2013,4.01,4
06/08/2013,4.01,4
07/08/2013,4.01,4
08/08/2013,4.01,4
09/08/2013,4.01,4
10/08/2013,,4
11/08/2013,,4
12/08/2013,4,4
13/08/2013,4.01,4
14/08/2013,4,4
15/08/2013,4,4
16/08/2013,4,4
17/08/2013,,4
18/08/2013,,4
19/08/2013,4,4
20/08/2013,4,4
21/08/2013,4.01,4
22/08/2013,4.01,4
23/08/2013,4.01,4
24/08/2013,,4
25/08/2013,,4
26/08/2013,4.01,4
27/08/2013,4.01,4
28/08/2013,4,4
29/08/2013,4.01,4
30/08/2013,4.02,4
31/08/2013,,4
01/09/2013,,4
02/09/2013,4.01,4
03/09/2013,4.01,4
04/09/2013,4.01,4
05/09/2013,4.01,4
06/09/2013,3.76,3.75
07/09/2013,,3.75
08/09/2013,,3.75
09/09/2013,3.76,3.75
10/09/2013,3.76,3.75
11/09/2013,3.76,3.75
12/09/2013,3.76,3.75
13/09/2013,3.77,3.75
14/09/2013,,3.75
15/09/2013,,3.75
16/09/2013,,3.75
17/09/2013,3.77,3.75
18/09/2013,3.77,3.75
19/09/2013,3.77,3.75
20/09/2013,3.76,3.75
21/09/2013,,3.75
22/09/2013,,3.75
23/09/2013,3.76,3.75
24/09/2013,3.77,3.75
25/09/2013,3.77,3.75
26/09/2013,3.77,3.75
27/09/2013,3.77,3.75
28/09/2013,,3.75
29/09/2013,,3.75
30/09/2013,3.81,3.75
01/10/2013,3.78,3.75
02/10/2013,3.78,3.75
03/10/2013,3.77,3.75
04/10/2013,3.77,3.75
05/10/2013,,3.75
06/10/2013,,3.75
07/10/2013,3.77,3.75
08/10/2013,3.77,3.75
09/10/2013,3.77,3.75
10/10/2013,3.77,3.75
11/10/2013,3.77,3.75
12/10/2013,,3.75
13/10/2013,,3.75
14/10/2013,3.77,3.75
15/10/2013,3.77,3.75
16/10/2013,3.77,3.75
17/10/2013,3.77,3.75
18/10/2013,3.77,3.75
19/10/2013,,3.75
20/10/2013,,3.75
21/10/2013,3.77,3.75
22/10/2013,3.77,3.75
23/10/2013,3.79,3.75
24/10/2013,3.81,3.75
25/10/2013,3.53,3.5
26/10/2013,,3.5
27/10/2013,,3.5
28/10/2013,3.53,3.5
29/10/2013,3.54,3.5
30/10/2013,3.53,3.5
31/10/2013,3.59,3.5
01/11/2013,3.54,3.5
02/11/2013,,3.5
03/11/2013,,3.5
04/11/2013,3.54,3.5
05/11/2013,3.55,3.5
06/11/2013,3.56,3.5
07/11/2013,3.56,3.5
08/11/2013,3.58,3.5
09/11/2013,,3.5
10/11/2013,,3.5
11/11/2013,3.58,3.5
12/11/2013,3.59,3.5
13/11/2013,3.61,3.5
14/11/2013,3.59,3.5
15/11/2013,3.63,3.5
16/11/2013,,3.5
17/11/2013,,3.5
18/11/2013,,3.5
19/11/2013,3.59,3.5
20/11/2013,3.6,3.5
21/11/2013,3.55,3.5
22/11/2013,3.53,3.5
23/11/2013,,3.5
24/11/2013,,3.5
25/11/2013,3.53,3.5
26/11/2013,3.53,3.5
27/11/2013,3.53,3.5
28/11/2013,3.53,3.5
29/11/2013,3.62,3.5
30/11/2013,,3.5
01/12/2013,,3.5
02/12/2013,3.54,3.5
03/12/2013,3.58,3.5
04/12/2013,3.61,3.5
05/12/2013,3.65,3.5
06/12/2013,3.58,3.5
07/12/2013,,3.5
08/12/2013,,3.5
09/12/2013,3.56,3.5
10/12/2013,3.59,3.5
11/12/2013,3.65,3.5
12/12/2013,,3.5
13/12/2013,3.7,3.5
14/12/2013,,3.5
15/12/2013,,3.5
16/12/2013,3.7,3.5
17/12/2013,3.65,3.5
18/12/2013,3.55,3.5
19/12/2013,3.55,3.5
20/12/2013,3.55,3.5
21/12/2013,,3.5
22/12/2013,,3.5
23/12/2013,3.6,3.5
24/12/2013,3.7,3.5
25/12/2013,,3.5
26/12/2013,3.67,3.5
27/12/2013,3.68,3.5
28/12/2013,,3.5
29/12/2013,,3.5
30/12/2013,3.67,3.5
31/12/2013,3.71,3.5
01/01/2014,,3.5
02/01/2014,3.58,3.5
03/01/2014,3.55,3.5
04/01/2014,,3.5
05/01/2014,,3.5
06/01/2014,3.52,3.5
07/01/2014,3.49,3.5
08/01/2014,3.48,3.5
09/01/2014,3.47,3.5
10/01/2014,3.47,3.5
11/01/2014,,3.5
12/01/2014,,3.5
13/01/2014,3.46,3.5
14/01/2014,3.46,3.5
15/01/2014,3.46,3.5
16/01/2014,3.47,3.5
17/01/2014,3.5,3.5
18/01/2014,,3.5
19/01/2014,,3.5
20/01/2014,3.49,3.5
21/01/2014,3.5,3.5
22/01/2014,3.52,3.5
23/01/2014,3.53,3.5
24/01/2014,3.55,3.5
25/01/2014,,3.5
26/01/2014,,3.5
27/01/2014,3.54,3.5
28/01/2014,3.51,3.5
29/01/2014,3.5,3.5
30/01/2014,3.51,3.5
31/01/2014,3.53,3.5
01/02/2014,,3.5
02/02/2014,,3.5
03/02/2014,,3.5
04/02/2014,3.51,3.5
05/02/2014,3.51,3.5
06/02/2014,3.5,3.5
07/02/2014,3.5,3.5
08/02/2014,,3.5
09/02/2014,,3.5
10/02/2014,3.5,3.5
11/02/2014,3.5,3.5
12/02/2014,3.51,3.5
13/02/2014,3.51,3.5
14/02/2014,3.52,3.5
15/02/2014,,3.5
16/02/2014,,3.5
17/02/2014,3.5,3.5
18/02/2014,3.51,3.5
19/02/2014,3.51,3.5
20/02/2014,3.51,3.5
21/02/2014,3.52,3.5
22/02/2014,,3.5
23/02/2014,,3.5
24/02/2014,3.52,3.5
25/02/2014,3.52,3.5
26/02/2014,3.52,3.5
27/02/2014,3.53,3.5
28/02/2014,3.61,3.5
01/03/2014,,3.5
02/03/2014,,3.5
03/03/2014,3.52,3.5
04/03/2014,3.51,3.5
05/03/2014,3.51,3.5
06/03/2014,3.51,3.5
07/03/2014,3.51,3.5
08/03/2014,,3.5
09/03/2014,,3.5
10/03/2014,3.51,3.5
11/03/2014,3.51,3.5
12/03/2014,3.51,3.5
13/03/2014,3.51,3.5
14/03/2014,3.53,3.5
15/03/2014,,3.5
16/03/2014,,3.5
17/03/2014,,3.5
18/03/2014,3.51,3.5
19/03/2014,3.51,3.5
20/03/2014,3.51,3.5
21/03/2014,3.52,3.5
22/03/2014,,3.5
23/03/2014,,3.5
24/03/2014,3.51,3.5
25/03/2014,3.51,3.5
26/03/2014,3.51,3.5
27/03/2014,3.51,3.5
28/03/2014,3.51,3.5
29/03/2014,,3.5
30/03/2014,,3.5
31/03/2014,3.55,3.5
01/04/2014,3.51,3.5
02/04/2014,3.52,3.5
03/04/2014,3.54,3.5
04/04/2014,3.55,3.5
05/04/2014,,3.5
06/04/2014,,3.5
07/04/2014,3.55,3.5
08/04/2014,3.53,3.5
09/04/2014,3.54,3.5
10/04/2014,3.54,3.5
11/04/2014,3.54,3.5
12/04/2014,,3.5
13/04/2014,,3.5
14/04/2014,3.53,3.5
15/04/2014,3.55,3.5
16/04/2014,3.57,3.5
17/04/2014,,3.5
18/04/2014,,3.5
19/04/2014,,3.5
20/04/2014,,3.5
21/04/2014,3.53,3.5
22/04/2014,3.52,3.5
23/04/2014,3.51,3.5
24/04/2014,3.51,3.5
25/04/2014,3.51,3.5
26/04/2014,,3.5
27/04/2014,,3.5
28/04/2014,3.51,3.5
29/04/2014,3.52,3.5
30/04/2014,3.56,3.5
01/05/2014,,3.5
02/05/2014,3.53,3.5
03/05/2014,,3.5
04/05/2014,,3.5
05/05/2014,3.52,3.5
06/05/2014,3.53,3.5
07/05/2014,3.54,3.5
08/05/2014,3.54,3.5
09/05/2014,3.54,3.5
10/05/2014,,3.5
11/05/2014,,3.5
12/05/2014,3.52,3.5
13/05/2014,3.54,3.5
14/05/2014,3.53,3.5
15/05/2014,3.54,3.5
16/05/2014,3.53,3.5
17/05/2014,,3.5
18/05/2014,,3.5
19/05/2014,3.53,3.5
20/05/2014,3.52,3.5
21/05/2014,3.52,3.5
22/05/2014,3.53,3.5
23/05/2014,3.53,3.5
24/05/2014,,3.5
25/05/2014,,3.5
26/05/2014,3.54,3.5
27/05/2014,3.53,3.5
28/05/2014,3.53,3.5
29/05/2014,3.53,3.5
30/05/2014,3.57,3.5
31/05/2014,,3.5
01/06/2014,,3.5
02/06/2014,3.53,3.5
03/06/2014,3.54,3.5
04/06/2014,3.54,3.5
05/06/2014,3.54,3.5
06/06/2014,3.04,3
07/06/2014,,3
08/06/2014,,3
09/06/2014,3.04,3
10/06/2014,3.04,3
11/06/2014,3.05,3
12/06/2014,3.06,3
13/06/2014,3.09,3
14/06/2014,,3
15/06/2014,,3
16/06/2014,3.07,3
17/06/2014,3.08,3
18/06/2014,3.08,3
19/06/2014,3.07,3
20/06/2014,3.05,3
21/06/2014,,3
22/06/2014,,3
23/06/2014,3.03,3
24/06/2014,3.03,3
25/06/2014,3.02,3
26/06/2014,3.03,3
27/06/2014,3.03,3
28/06/2014,,3
29/06/2014,,3
30/06/2014,3.09,3
01/07/2014,3.04,3
02/07/2014,3.04,3
03/07/2014,3.03,3
04/07/2014,3.03,3
05/07/2014,,3
06/07/2014,,3
07/07/2014,3.03,3
08/07/2014,3.01,3
09/07/2014,3.01,3
10/07/2014,3.01,3
11/07/2014,3.02,3
12/07/2014,,3
13/07/2014,,3
14/07/2014,3.02,3
15/07/2014,3.02,3
16/07/2014,3.02,3
17/07/2014,3.02,3
18/07/2014,3.02,3
19/07/2014,,3
20/07/2014,,3
21/07/2014,3.02,3
22/07/2014,3.02,3
23/07/2014,3.02,3
24/07/2014,3.02,3
25/07/2014,3.02,3
26/07/2014,,3
27/07/2014,,3
28/07/2014,3.02,3
29/07/2014,3.02,3
30/07/2014,3.02,3
31/07/2014,3.07,3
01/08/2014,3.03,3
02/08/2014,,3
03/08/2014,,3
04/08/2014,3.03,3
05/08/2014,3.05,3
06/08/2014,3.08,3
07/08/2014,3.07,3
08/08/2014,3.05,3
09/08/2014,,3
10/08/2014,,3
11/08/2014,3.04,3
12/08/2014,3.04,3
13/08/2014,3.04,3
14/08/2014,3.03,3
15/08/2014,3.03,3
16/08/2014,,3
17/08/2014,,3
18/08/2014,3.03,3
19/08/2014,3.05,3
20/08/2014,3.05,3
21/08/2014,3.06,3
22/08/2014,3.08,3
24/08/2014,,3
25/08/2014,3.06,3
26/08/2014,3.04,3
27/08/2014,3.04,3
28/08/2014,3.04,3
29/08/2014,3.1,3
30/08/2014,,3
31/08/2014,,3
01/09/2014,3.04,3
02/09/2014,3.04,3
03/09/2014,3.04,3
04/09/2014,3.04,3
05/09/2014,3.04,3
06/09/2014,,3
07/09/2014,,3
08/09/2014,3.03,3
09/09/2014,3.02,3
10/09/2014,3.02,3
11/09/2014,3.01,3
12/09/2014,3.01,3
13/09/2014,,3
14/09/2014,,3
15/09/2014,3.02,3
16/09/2014,,3
17/09/2014,3.02,3
18/09/2014,3.01,3
19/09/2014,3.01,3
20/09/2014,,3
21/09/2014,,3
22/09/2014,3.01,3
23/09/2014,2.99,3
24/09/2014,2.98,3
25/09/2014,2.99,3
26/09/2014,2.99,3
27/09/2014,,3
28/09/2014,,3
29/09/2014,2.99,3
30/09/2014,3.07,3
01/10/2014,3.01,3
02/10/2014,3.04,3
03/10/2014,3.05,3
04/10/2014,,3
05/10/2014,,3
06/10/2014,3.03,3
07/10/2014,3.03,3
08/10/2014,3.02,3
09/10/2014,3.04,3
10/10/2014,3.02,3
11/10/2014,,3
12/10/2014,,3
13/10/2014,3.02,3
14/10/2014,3.02,3
15/10/2014,3.04,3
16/10/2014,3.03,3
17/10/2014,3.05,3
18/10/2014,,3
19/10/2014,,3
20/10/2014,3.06,3
21/10/2014,3.03,3
22/10/2014,3.04,3
23/10/2014,3.03,3
24/10/2014,3.03,3
25/10/2014,,3
26/10/2014,,3
27/10/2014,3.04,3
28/10/2014,3.06,3
29/10/2014,3.03,3
30/10/2014,3.04,3
31/10/2014,3.08,3
01/11/2014,,3
02/11/2014,,3
03/11/2014,3.05,3
04/11/2014,3.08,3
05/11/2014,3.04,3
06/11/2014,3.04,3
07/11/2014,3.05,3
08/11/2014,,3
09/11/2014,,3
10/11/2014,3.05,3
11/11/2014,3.06,3
12/11/2014,3.06,3
13/11/2014,3.06,3
14/11/2014,3.07,3
15/11/2014,,3
16/11/2014,,3
17/11/2014,,3
18/11/2014,3.06,3
19/11/2014,3.07,3
20/11/2014,3.07,3
21/11/2014,3.04,3
22/11/2014,,3
23/11/2014,,3
24/11/2014,3.04,3
25/11/2014,3.03,3
26/11/2014,3.03,3
27/11/2014,3.03,3
28/11/2014,3.05,3
29/11/2014,,3
30/11/2014,,3
01/12/2014,3.03,3
02/12/2014,3.05,3
03/12/2014,3.03,3
04/12/2014,3.03,3
05/12/2014,3.04,3
06/12/2014,,3
07/12/2014,,3
08/12/2014,3.03,3
09/12/2014,3.05,3
10/12/2014,3.05,3
11/12/2014,3.07,3
12/12/2014,,3
13/12/2014,,3
14/12/2014,,3
15/12/2014,3.07,3
16/12/2014,3.08,3
17/12/2014,3.09,3
18/12/2014,3.1,3
19/12/2014,3.11,3
20/12/2014,,3
21/12/2014,,3
22/12/2014,3.1,3
23/12/2014,3.1,3
24/12/2014,3.16,3
25/12/2014,,3
26/12/2014,3.12,3
27/12/2014,,3
28/12/2014,,3
29/12/2014,3.12,3
30/12/2014,3.1,3
31/12/2014,3.23,3
01/01/2015,,3
02/01/2015,3.16,3
03/01/2015,,3
04/01/2015,,3
05/01/2015,3.11,3
06/01/2015,3.05,3
07/01/2015,3.03,3
08/01/2015,3.02,3
09/01/2015,3.02,3
10/01/2015,,3
11/01/2015,,3
12/01/2015,3.02,3
13/01/2015,3.02,3
14/01/2015,3.02,3
15/01/2015,3.03,3
16/01/2015,3.03,3
17/01/2015,,3
18/01/2015,,3
19/01/2015,3.02,3
20/01/2015,3.02,3
21/01/2015,3.02,3
22/01/2015,3.02,3
23/01/2015,3.01,3
24/01/2015,,3
25/01/2015,,3
26/01/2015,3.03,3
27/01/2015,3.02,3
28/01/2015,3.03,3
29/01/2015,3.02,3
30/01/2015,3.07,3
31/01/2015,,3
01/02/2015,,3
02/02/2015,,3
03/02/2015,3.04,3
04/02/2015,3.08,3
05/02/2015,3.04,3
06/02/2015,3.05,3
07/02/2015,,3
08/02/2015,,3
09/02/2015,3.04,3
10/02/2015,3.05,3
11/02/2015,3.07,3
12/02/2015,3.07,3
13/02/2015,3.09,3
14/02/2015,,3
15/02/2015,,3
16/02/2015,3.08,3
17/02/2015,3.06,3
18/02/2015,3.07,3
19/02/2015,3.07,3
20/02/2015,3.06,3
21/02/2015,,3
22/02/2015,,3
23/02/2015,3.04,3
24/02/2015,3.04,3
25/02/2015,3.04,3
26/02/2015,3.05,3
27/02/2015,3.09,3
28/02/2015,,3
01/03/2015,,3
02/03/2015,3.06,3
03/03/2015,3.11,3
04/03/2015,3.07,3
05/03/2015,3.06,3
06/03/2015,3.07,3
07/03/2015,,3
08/03/2015,,3
09/03/2015,3.06,3
10/03/2015,3.07,3
11/03/2015,3.09,3
12/03/2015,3.07,3
13/03/2015,3.1,3
14/03/2015,,3
15/03/2015,,3
16/03/2015,,3
17/03/2015,3.08,3
18/03/2015,3.1,3
19/03/2015,3.08,3
20/03/2015,3.05,3
21/03/2015,,3
22/03/2015,,3
23/03/2015,3.05,3
24/03/2015,3.06,3
25/03/2015,3.06,3
26/03/2015,3.06,3
27/03/2015,3.05,3
28/03/2015,,3
29/03/2015,,3
30/03/2015,3.09,3
31/03/2015,3.13,3
01/04/2015,3.14,3
02/04/2015,,3
03/04/2015,,3
04/04/2015,,3
05/04/2015,,3
06/04/2015,3.11,3
07/04/2015,3.07,3
08/04/2015,3.06,3
09/04/2015,3.07,3
10/04/2015,3.05,3
11/04/2015,,3
12/04/2015,,3
13/04/2015,3.05,3
14/04/2015,3.05,3
15/04/2015,3.04,3
16/04/2015,3.04,3
17/04/2015,3.04,3
18/04/2015,,3
19/04/2015,,3
20/04/2015,3.04,3
21/04/2015,3.04,3
22/04/2015,3.04,3
23/04/2015,3,3
24/04/2015,2.99,3
25/04/2015,,3
26/04/2015,,3
27/04/2015,2.99,3
28/04/2015,2.99,3
29/04/2015,2.99,3
30/04/2015,3.07,3
01/05/2015,,3
02/05/2015,,3
03/05/2015,,3
04/05/2015,3.01,3
05/05/2015,3.05,3
06/05/2015,3.01,3
07/05/2015,3.01,3
08/05/2015,3,3
09/05/2015,,3
10/05/2015,,3
11/05/2015,3,3
12/05/2015,3,3
13/05/2015,3.01,3
14/05/2015,3.02,3
15/05/2015,3.02,3
16/05/2015,,3
17/05/2015,,3
18/05/2015,3.03,3
19/05/2015,3.02,3
20/05/2015,3.02,3
21/05/2015,3.01,3
22/05/2015,3,3
23/05/2015,,3
24/05/2015,,3
25/05/2015,3,3
26/05/2015,2.99,3
27/05/2015,2.99,3
28/05/2015,3.02,3
29/05/2015,3.1,3
30/05/2015,,3
31/05/2015,,3
01/06/2015,3.03,3
02/06/2015,3.07,3
03/06/2015,3.06,3
04/06/2015,3.09,3
05/06/2015,3.09,3
06/06/2015,,3
07/06/2015,,3
08/06/2015,3.11,3
09/06/2015,3.1,3
10/06/2015,3.09,3
11/06/2015,3.04,3
12/06/2015,3.07,3
13/06/2015,,3
14/06/2015,,3
15/06/2015,3.1,3
16/06/2015,3.14,3
17/06/2015,3.15,3
18/06/2015,3.12,3
19/06/2015,3.12,3
20/06/2015,,3
21/06/2015,,3
22/06/2015,3.06,3
23/06/2015,3.07,3
24/06/2015,3.08,3
25/06/2015,3.09,3
26/06/2015,3.11,3
27/06/2015,,3
28/06/2015,,3
29/06/2015,3.15,3
30/06/2015,3.3,3
01/07/2015,3.1,3
02/07/2015,3.08,3
03/07/2015,3.14,3
04/07/2015,,3
05/07/2015,,3
06/07/2015,3.19,3
07/07/2015,3.15,3
08/07/2015,3.17,3
09/07/2015,3.08,3
10/07/2015,3.05,3
11/07/2015,,3
12/07/2015,,3
13/07/2015,3.07,3
14/07/2015,3.09,3
15/07/2015,3.07,3
16/07/2015,3.07,3
17/07/2015,3.1,3
18/07/2015,,3
19/07/2015,,3
20/07/2015,3.09,3
21/07/2015,3.1,3
22/07/2015,3.12,3
23/07/2015,3.04,3
24/07/2015,3.06,3
25/07/2015,,3
26/07/2015,,3
27/07/2015,3.06,3
28/07/2015,3.08,3
29/07/2015,3.08,3
30/07/2015,3.12,3
31/07/2015,3.2,3
01/08/2015,,3
02/08/2015,,3
03/08/2015,3.08,3
04/08/2015,3.06,3
05/08/2015,3.06,3
06/08/2015,3.08,3
07/08/2015,3.11,3
08/08/2015,,3
09/08/2015,,3
10/08/2015,3.13,3
11/08/2015,3.16,3
12/08/2015,3.24,3
13/08/2015,3.1,3
14/08/2015,3.04,3
15/08/2015,,3
16/08/2015,,3
17/08/2015,3.05,3
18/08/2015,3.03,3
19/08/2015,3.03,3
20/08/2015,3.02,3
21/08/2015,3.02,3
22/08/2015,,3
23/08/2015,,3
24/08/2015,3.04,3
25/08/2015,3.04,3
26/08/2015,3.04,3
27/08/2015,3.05,3
28/08/2015,3.07,3
29/08/2015,,3
30/08/2015,,3
31/08/2015,3.17,3
01/09/2015,3.1,3
02/09/2015,3.15,3
03/09/2015,3.21,3
04/09/2015,3.07,3
05/09/2015,,3
06/09/2015,,3
07/09/2015,3.04,3
08/09/2015,3.04,3
09/09/2015,3.04,3
10/09/2015,3.05,3
11/09/2015,3.06,3
12/09/2015,,3
13/09/2015,,3
14/09/2015,3.08,3
15/09/2015,3.12,3
16/09/2015,,3
17/09/2015,3.06,3
18/09/2015,3.04,3
19/09/2015,,3
20/09/2015,,3
21/09/2015,3.04,3
22/09/2015,3.04,3
23/09/2015,3.04,3
24/09/2015,3.04,3
25/09/2015,3.04,3
26/09/2015,,3
27/09/2015,,3
28/09/2015,3.04,3
29/09/2015,3.04,3
30/09/2015,3.08,3
01/10/2015,3.05,3
02/10/2015,3.09,3
03/10/2015,,3
04/10/2015,,3
05/10/2015,3.04,3
06/10/2015,3.04,3
07/10/2015,3.04,3
08/10/2015,3.02,3
09/10/2015,3,3
10/10/2015,,3
11/10/2015,,3
12/10/2015,2.99,3
13/10/2015,2.99,3
14/10/2015,3.04,3
15/10/2015,3.03,3
16/10/2015,3.03,3
17/10/2015,,3
18/10/2015,,3
19/10/2015,3.03,3
20/10/2015,3.03,3
21/10/2015,3.06,3
22/10/2015,3.03,3
23/10/2015,3.02,3
24/10/2015,,3
25/10/2015,,3
26/10/2015,3.02,3
27/10/2015,3.06,3
28/10/2015,3.07,3
29/10/2015,3.1,3
30/10/2015,3.19,3
31/10/2015,,3
01/11/2015,,3
02/11/2015,,3
03/11/2015,3.07,3
04/11/2015,3.06,3
05/11/2015,3.15,3
06/11/2015,3.1,3
07/11/2015,,3
08/11/2015,,3
09/11/2015,3.07,3
10/11/2015,3.08,3
11/11/2015,3.13,3
12/11/2015,3.17,3
13/11/2015,3.06,3
14/11/2015,,3
15/11/2015,,3
16/11/2015,,3
17/11/2015,3.05,3
18/11/2015,3.06,3
19/11/2015,3.06,3
20/11/2015,3.03,3
21/11/2015,,3
22/11/2015,,3
23/11/2015,3.04,3
24/11/2015,3.03,3
25/11/2015,3.03,3
26/11/2015,3.03,3
27/11/2015,3.02,3
28/11/2015,,3
29/11/2015,,3
30/11/2015,3.13,3
01/12/2015,3.07,3
02/12/2015,3.14,3
03/12/2015,3.1,3
04/12/2015,3.12,3
05/12/2015,,3
06/12/2015,,3
07/12/2015,3.15,3
08/12/2015,3.4,3
09/12/2015,3.18,3
10/12/2015,3.09,3
11/12/2015,3.01,3
12/12/2015,,3
13/12/2015,,3
14/12/2015,3.01,3
15/12/2015,3.05,3
16/12/2015,3.35,3
17/12/2015,3.55,3.25
18/12/2015,3.34,3.25
19/12/2015,,3.25
20/12/2015,,3.25
21/12/2015,3.34,3.25
22/12/2015,3.33,3.25
23/12/2015,3.39,3.25
24/12/2015,3.48,3.25
25/12/2015,,3.25
26/12/2015,,3.25
27/12/2015,,3.25
28/12/2015,3.34,3.25
29/12/2015,3.27,3.25
30/12/2015,3.27,3.25
31/12/2015,3.38,3.25
01/01/2016,,3.25
02/01/2016,,3.25
03/01/2016,,3.25
04/01/2016,3.3,3.25
05/01/2016,3.37,3.25
06/01/2016,3.34,3.25
07/01/2016,3.3,3.25
08/01/2016,3.27,3.25
09/01/2016,,3.25
10/01/2016,,3.25
11/01/2016,3.24,3.25
12/01/2016,3.24,3.25
13/01/2016,3.23,3.25
14/01/2016,3.23,3.25
15/01/2016,3.23,3.25
16/01/2016,,3.25
17/01/2016,,3.25
18/01/2016,3.24,3.25
19/01/2016,3.26,3.25
20/01/2016,3.35,3.25
21/01/2016,3.28,3.25
22/01/2016,3.26,3.25
23/01/2016,,3.25
24/01/2016,,3.25
25/01/2016,3.25,3.25
26/01/2016,3.28,3.25
27/01/2016,3.31,3.25
28/01/2016,3.25,3.25
29/01/2016,3.38,3.25
30/01/2016,,3.25
31/01/2016,,3.25
01/02/2016,,3.25
02/02/2016,3.29,3.25
03/02/2016,3.28,3.25
04/02/2016,3.26,3.25
05/02/2016,3.26,3.25
06/02/2016,,3.25
07/02/2016,,3.25
08/02/2016,3.25,3.25
09/02/2016,3.25,3.25
10/02/2016,3.25,3.25
11/02/2016,3.27,3.25
12/02/2016,3.27,3.25
13/02/2016,,3.25
14/02/2016,,3.25
15/02/2016,3.26,3.25
16/02/2016,3.25,3.25
17/02/2016,3.26,3.75
18/02/2016,3.82,3.75
19/02/2016,3.81,3.75
20/02/2016,,3.75
21/02/2016,,3.75
22/02/2016,3.85,3.75
23/02/2016,3.79,3.75
24/02/2016,3.77,3.75
25/02/2016,3.77,3.75
26/02/2016,3.82,3.75
27/02/2016,,3.75
28/02/2016,,3.75
29/02/2016,3.93,3.75
01/03/2016,3.83,3.75
02/03/2016,3.87,3.75
03/03/2016,3.81,3.75
04/03/2016,3.79,3.75
05/03/2016,,3.75
06/03/2016,,3.75
07/03/2016,3.78,3.75
08/03/2016,3.76,3.75
09/03/2016,3.76,3.75
10/03/2016,3.77,3.75
11/03/2016,3.76,3.75
12/03/2016,,3.75
13/03/2016,,3.75
14/03/2016,3.76,3.75
15/03/2016,3.76,3.75
16/03/2016,3.78,3.75
17/03/2016,3.8,3.75
18/03/2016,3.83,3.75
19/03/2016,,3.75
20/03/2016,,3.75
21/03/2016,,3.75
22/03/2016,3.85,3.75
23/03/2016,3.8,3.75
24/03/2016,,3.75
25/03/2016,,3.75
26/03/2016,,3.75
27/03/2016,,3.75
28/03/2016,3.78,3.75
29/03/2016,3.76,3.75
30/03/2016,3.77,3.75
31/03/2016,3.82,3.75
01/04/2016,3.76,3.75
02/04/2016,,3.75
03/04/2016,,3.75
04/04/2016,3.75,3.75
05/04/2016,3.72,3.75
06/04/2016,3.63,3.75
07/04/2016,3.65,3.75
08/04/2016,3.66,3.75
09/04/2016,,3.75
10/04/2016,,3.75
11/04/2016,3.76,3.75
12/04/2016,3.76,3.75
13/04/2016,3.76,3.75
14/04/2016,3.76,3.75
15/04/2016,3.75,3.75
16/04/2016,,3.75
17/04/2016,,3.75
18/04/2016,3.75,3.75
19/04/2016,3.76,3.75
20/04/2016,3.78,3.75
21/04/2016,3.75,3.75
22/04/2016,3.76,3.75
23/04/2016,,3.75
24/04/2016,,3.75
25/04/2016,3.78,3.75
26/04/2016,3.85,3.75
27/04/2016,3.9,3.75
28/04/2016,3.86,3.75
29/04/2016,3.98,3.75
30/04/2016,,3.75
01/05/2016,,3.75
02/05/2016,3.85,3.75
03/05/2016,3.9,3.75
04/05/2016,3.85,3.75
05/05/2016,3.79,3.75
06/05/2016,3.75,3.75
07/05/2016,,3.75
08/05/2016,,3.75
09/05/2016,3.71,3.75
10/05/2016,3.81,3.75
11/05/2016,3.81,3.75
12/05/2016,3.83,3.75
13/05/2016,3.85,3.75
14/05/2016,,3.75
15/05/2016,,3.75
16/05/2016,3.83,3.75
17/05/2016,3.84,3.75
18/05/2016,3.79,3.75
19/05/2016,3.81,3.75
20/05/2016,3.79,3.75
21/05/2016,,3.75
22/05/2016,,3.75
23/05/2016,3.74,3.75
24/05/2016,3.66,3.75
25/05/2016,3.7,3.75
26/05/2016,3.73,3.75
27/05/2016,3.8,3.75
28/05/2016,,3.75
29/05/2016,,3.75
30/05/2016,3.85,3.75
31/05/2016,4,3.75
01/06/2016,3.83,3.75
02/06/2016,4,3.75
03/06/2016,4.09,3.75
04/06/2016,,3.75
05/06/2016,,3.75
06/06/2016,3.85,3.75
07/06/2016,3.79,3.75
08/06/2016,3.78,3.75
09/06/2016,3.76,3.75
10/06/2016,3.83,3.75
11/06/2016,,3.75
12/06/2016,,3.75
13/06/2016,3.84,3.75
14/06/2016,3.85,3.75
15/06/2016,3.86,3.75
16/06/2016,3.77,3.75
17/06/2016,3.74,3.75
18/06/2016,,3.75
19/06/2016,,3.75
20/06/2016,3.77,3.75
21/06/2016,3.77,3.75
22/06/2016,3.78,3.75
23/06/2016,3.79,3.75
24/06/2016,3.82,3.75
25/06/2016,,3.75
26/06/2016,,3.75
27/06/2016,3.84,3.75
28/06/2016,3.8,3.75
29/06/2016,3.8,3.75
30/06/2016,3.94,4.25
01/07/2016,4.27,4.25
02/07/2016,,4.25
03/07/2016,,4.25
04/07/2016,4.24,4.25
05/07/2016,4.25,4.25
06/07/2016,4.25,4.25
07/07/2016,4.25,4.25
08/07/2016,4.25,4.25
09/07/2016,,4.25
10/07/2016,,4.25
11/07/2016,4.26,4.25
12/07/2016,4.26,4.25
13/07/2016,4.26,4.25
14/07/2016,4.26,4.25
15/07/2016,4.26,4.25
16/07/2016,,4.25
17/07/2016,,4.25
18/07/2016,4.26,4.25
19/07/2016,4.25,4.25
20/07/2016,4.26,4.25
21/07/2016,4.25,4.25
22/07/2016,4.26,4.25
23/07/2016,,4.25
24/07/2016,,4.25
25/07/2016,4.26,4.25
26/07/2016,4.26,4.25
27/07/2016,4.27,4.25
28/07/2016,4.29,4.25
29/07/2016,4.36,4.25
30/07/2016,,4.25
31/07/2016,,4.25
01/08/2016,4.34,4.25
02/08/2016,4.32,4.25
03/08/2016,4.28,4.25
04/08/2016,4.28,4.25
05/08/2016,4.28,4.25
06/08/2016,,4.25
07/08/2016,,4.25
08/08/2016,4.29,4.25
09/08/2016,4.3,4.25
10/08/2016,4.3,4.25
11/08/2016,4.29,4.25
12/08/2016,4.28,4.25
13/08/2016,,4.25
14/08/2016,,4.25
15/08/2016,4.3,4.25
16/08/2016,4.29,4.25
17/08/2016,4.28,4.25
18/08/2016,4.26,4.25
19/08/2016,4.27,4.25
20/08/2016,,4.25
21/08/2016,,4.25
22/08/2016,4.26,4.25
23/08/2016,4.27,4.25
24/08/2016,4.29,4.25
25/08/2016,4.28,4.25
26/08/2016,4.28,4.25
27/08/2016,,4.25
28/08/2016,,4.25
29/08/2016,4.27,4.25
30/08/2016,4.29,4.25
31/08/2016,4.33,4.25
01/09/2016,4.31,4.25
02/09/2016,4.32,4.25
03/09/2016,,4.25
04/09/2016,,4.25
05/09/2016,4.3,4.25
06/09/2016,4.33,4.25
07/09/2016,4.32,4.25
08/09/2016,4.33,4.25
09/09/2016,4.32,4.25
10/09/2016,,4.25
11/09/2016,,4.25
12/09/2016,4.32,4.25
13/09/2016,4.3,4.25
14/09/2016,4.32,4.25
15/09/2016,4.4,4.25
16/09/2016,,4.25
17/09/2016,,4.25
18/09/2016,,4.25
19/09/2016,4.32,4.25
20/09/2016,4.27,4.25
21/09/2016,4.27,4.25
22/09/2016,4.25,4.25
23/09/2016,4.24,4.25
24/09/2016,,4.25
25/09/2016,,4.25
26/09/2016,4.25,4.25
27/09/2016,4.25,4.25
28/09/2016,4.24,4.25
29/09/2016,4.4,4.75
30/09/2016,4.9,4.75
01/10/2016,,4.75
02/10/2016,,4.75
03/10/2016,4.79,4.75
04/10/2016,4.77,4.75
05/10/2016,4.77,4.75
06/10/2016,4.75,4.75
07/10/2016,4.76,4.75
08/10/2016,,4.75
09/10/2016,,4.75
10/10/2016,4.76,4.75
11/10/2016,4.78,4.75
12/10/2016,4.78,4.75
13/10/2016,4.77,4.75
14/10/2016,4.77,4.75
15/10/2016,,4.75
16/10/2016,,4.75
17/10/2016,4.75,4.75
18/10/2016,4.76,4.75
19/10/2016,4.77,4.75
20/10/2016,4.76,4.75
21/10/2016,4.76,4.75
22/10/2016,,4.75
23/10/2016,,4.75
24/10/2016,4.76,4.75
25/10/2016,4.76,4.75
26/10/2016,4.76,4.75
27/10/2016,4.77,4.75
28/10/2016,4.76,4.75
29/10/2016,,4.75
30/10/2016,,4.75
31/10/2016,4.83,4.75
01/11/2016,4.79,4.75
02/11/2016,,4.75
03/11/2016,4.8,4.75
04/11/2016,4.83,4.75
05/11/2016,,4.75
06/11/2016,,4.75
07/11/2016,4.8,4.75
08/11/2016,4.91,4.75
09/11/2016,4.9,4.75
10/11/2016,4.75,4.75
11/11/2016,4.76,4.75
12/11/2016,,4.75
13/11/2016,,4.75
14/11/2016,4.76,4.75
15/11/2016,4.77,4.75
16/11/2016,4.76,4.75
17/11/2016,5.1,5.25
18/11/2016,5.26,5.25
19/11/2016,,5.25
20/11/2016,,5.25
21/11/2016,,5.25
22/11/2016,5.26,5.25
23/11/2016,5.2,5.25
24/11/2016,5.25,5.25
25/11/2016,5.25,5.25
26/11/2016,,5.25
27/11/2016,,5.25
28/11/2016,5.25,5.25
29/11/2016,5.26,5.25
30/11/2016,5.3,5.25
01/12/2016,5.26,5.25
02/12/2016,5.27,5.25
03/12/2016,,5.25
04/12/2016,,5.25
05/12/2016,5.26,5.25
06/12/2016,5.26,5.25
07/12/2016,5.26,5.25
08/12/2016,5.27,5.25
09/12/2016,5.27,5.25
10/12/2016,,5.25
11/12/2016,,5.25
12/12/2016,,5.25
13/12/2016,5.28,5.25
14/12/2016,5.42,5.25
15/12/2016,5.79,5.75
16/12/2016,5.82,5.75
17/12/2016,,5.75
18/12/2016,,5.75
19/12/2016,5.79,5.75
20/12/2016,5.79,5.75
21/12/2016,5.79,5.75
22/12/2016,5.78,5.75
23/12/2016,5.75,5.75
24/12/2016,,5.75
25/12/2016,,5.75
26/12/2016,5.78,5.75
27/12/2016,5.78,5.75
28/12/2016,5.78,5.75
29/12/2016,5.78,5.75
30/12/2016,5.75,5.75
31/12/2016,,5.75
01/01/2017,,5.75
02/01/2017,5.75,5.75
03/01/2017,5.77,5.75
04/01/2017,5.76,5.75
05/01/2017,5.76,5.75
06/01/2017,5.76,5.75
07/01/2017,,5.75
08/01/2017,,5.75
09/01/2017,5.76,5.75
10/01/2017,5.75,5.75
11/01/2017,5.75,5.75
12/01/2017,5.77,5.75
13/01/2017,5.82,5.75
14/01/2017,,5.75
15/01/2017,,5.75
16/01/2017,5.78,5.75
17/01/2017,5.76,5.75
18/01/2017,5.76,5.75
19/01/2017,5.76,5.75
20/01/2017,5.78,5.75
21/01/2017,,5.75
22/01/2017,,5.75
23/01/2017,5.77,5.75
24/01/2017,5.77,5.75
25/01/2017,5.8,5.75
26/01/2017,5.78,5.75
27/01/2017,5.76,5.75
28/01/2017,,5.75
29/01/2017,,5.75
30/01/2017,5.75,5.75
31/01/2017,5.81,5.75
01/02/2017,5.79,5.75
02/02/2017,5.82,5.75
03/02/2017,5.82,5.75
04/02/2017,,5.75
05/02/2017,,5.75
06/02/2017,,5.75
07/02/2017,5.78,5.75
08/02/2017,5.81,5.75
09/02/2017,6.15,6.25
10/02/2017,6.28,6.25
11/02/2017,,6.25
12/02/2017,,6.25
13/02/2017,6.29,6.25
14/02/2017,6.28,6.25
15/02/2017,6.26,6.25
16/02/2017,6.22,6.25
17/02/2017,6.2,6.25
18/02/2017,,6.25
19/02/2017,,6.25
20/02/2017,6.23,6.25
21/02/2017,6.26,6.25
22/02/2017,6.26,6.25
23/02/2017,6.26,6.25
24/02/2017,6.27,6.25
25/02/2017,,6.25
26/02/2017,,6.25
27/02/2017,6.28,6.25
28/02/2017,6.29,6.25
01/03/2017,6.32,6.25
02/03/2017,6.3,6.25
03/03/2017,6.3,6.25
04/03/2017,,6.25
05/03/2017,,6.25
06/03/2017,6.28,6.25
07/03/2017,6.29,6.25
08/03/2017,6.3,6.25
09/03/2017,6.3,6.25
10/03/2017,6.33,6.25
11/03/2017,,6.25
12/03/2017,,6.25
13/03/2017,6.33,6.25
14/03/2017,6.39,6.25
15/03/2017,6.5,6.25
16/03/2017,6.32,6.25
17/03/2017,6.27,6.25
18/03/2017,,6.25
19/03/2017,,6.25
20/03/2017,,6.25
21/03/2017,6.21,6.25
22/03/2017,6.3,6.25
23/03/2017,6.24,6.25
24/03/2017,6.08,6.25
25/03/2017,,6.25
26/03/2017,,6.25
27/03/2017,6.25,6.25
28/03/2017,6.25,6.25
29/03/2017,6.27,6.25
30/03/2017,6.5,6.5
31/03/2017,6.59,6.5
01/04/2017,,6.5
02/04/2017,,6.5
03/04/2017,6.67,6.5
04/04/2017,6.75,6.5
05/04/2017,6.7,6.5
06/04/2017,6.45,6.5
07/04/2017,6.45,6.5
08/04/2017,,6.5
09/04/2017,,6.5
10/04/2017,6.51,6.5
11/04/2017,6.61,6.5
12/04/2017,6.62,6.5
13/04/2017,,6.5
14/04/2017,,6.5
15/04/2017,,6.5
16/04/2017,,6.5
17/04/2017,6.45,6.5
18/04/2017,6.43,6.5
19/04/2017,6.5,6.5
20/04/2017,6.52,6.5
21/04/2017,6.63,6.5
22/04/2017,,6.5
23/04/2017,,6.5
24/04/2017,6.67,6.5
25/04/2017,6.75,6.5
26/04/2017,6.53,6.5
27/04/2017,6.49,6.5
28/04/2017,6.72,6.5
29/04/2017,,6.5
30/04/2017,,6.5
01/05/2017,,6.5
02/05/2017,6.72,6.5
03/05/2017,6.54,6.5
04/05/2017,6.48,6.5
05/05/2017,6.48,6.5
06/05/2017,,6.5
07/05/2017,,6.5
08/05/2017,6.48,6.5
09/05/2017,6.55,6.5
10/05/2017,6.54,6.5
11/05/2017,6.55,6.5
12/05/2017,6.55,6.5
13/05/2017,,6.5
14/05/2017,,6.5
15/05/2017,6.55,6.5
16/05/2017,6.51,6.5
17/05/2017,6.48,6.5
18/05/2017,6.55,6.75
19/05/2017,6.77,6.75
20/05/2017,,6.75
21/05/2017,,6.75
22/05/2017,6.72,6.75
23/05/2017,6.64,6.75
24/05/2017,6.8,6.75
25/05/2017,6.82,6.75
26/05/2017,6.78,6.75
27/05/2017,,6.75
28/05/2017,,6.75
29/05/2017,6.81,6.75
30/05/2017,6.79,6.75
31/05/2017,6.83,6.75
01/06/2017,6.84,6.75
02/06/2017,6.79,6.75
03/06/2017,,6.75
04/06/2017,,6.75
05/06/2017,6.84,6.75
06/06/2017,6.83,6.75
07/06/2017,6.77,6.75
08/06/2017,6.74,6.75
09/06/2017,6.75,6.75
10/06/2017,,6.75
11/06/2017,,6.75
12/06/2017,6.76,6.75
13/06/2017,6.76,6.75
14/06/2017,6.76,6.75
15/06/2017,6.86,6.75
16/06/2017,6.9,6.75
17/06/2017,,6.75
18/06/2017,,6.75
19/06/2017,6.75,6.75
20/06/2017,6.72,6.75
21/06/2017,6.74,6.75
22/06/2017,6.93,7
23/06/2017,6.97,7
24/06/2017,,7
25/06/2017,,7
26/06/2017,6.98,7
27/06/2017,6.96,7
28/06/2017,6.95,7
29/06/2017,7,7
30/06/2017,7.1,7
01/07/2017,,7
02/07/2017,,7
03/07/2017,7.1,7
04/07/2017,7.16,7
05/07/2017,7,7
06/07/2017,7.01,7
07/07/2017,7.02,7
08/07/2017,,7
09/07/2017,,7
10/07/2017,7.02,7
11/07/2017,7.07,7
12/07/2017,7.08,7
13/07/2017,7.11,7
14/07/2017,7.09,7
15/07/2017,,7
16/07/2017,,7
17/07/2017,7.01,7
18/07/2017,7.03,7
19/07/2017,7.1,7
20/07/2017,7.05,7
21/07/2017,7.03,7
22/07/2017,,7
23/07/2017,,7
24/07/2017,7.01,7
25/07/2017,7.03,7
26/07/2017,7.04,7
27/07/2017,7.09,7
28/07/2017,7.06,7
29/07/2017,,7
30/07/2017,,7
31/07/2017,7.1,7
01/08/2017,7.11,7
02/08/2017,7.1,7
03/08/2017,7.03,7
04/08/2017,7.03,7
05/08/2017,,7
06/08/2017,,7
07/08/2017,7.03,7
08/08/2017,7.03,7
09/08/2017,7,7
10/08/2017,7.02,7
11/08/2017,7.01,7
12/08/2017,,7
13/08/2017,,7
14/08/2017,7.03,7
15/08/2017,7.07,7
16/08/2017,7.08,7
17/08/2017,7.03,7
18/08/2017,7.08,7
19/08/2017,,7
20/08/2017,,7
21/08/2017,7.07,7
22/08/2017,7.04,7
23/08/2017,7.05,7
24/08/2017,7.03,7
25/08/2017,7.02,7
26/08/2017,,7
27/08/2017,,7
28/08/2017,7.04,7
29/08/2017,7,7
30/08/2017,7,7
31/08/2017,7.1,7
01/09/2017,7.08,7
02/09/2017,,7
03/09/2017,,7
04/09/2017,7.07,7
05/09/2017,7.02,7
06/09/2017,7.02,7
07/09/2017,7.04,7
08/09/2017,7.03,7
09/09/2017,,7
10/09/2017,,7
11/09/2017,7.05,7
12/09/2017,7.11,7
13/09/2017,7.03,7
14/09/2017,7.12,7
15/09/2017,7.01,7
16/09/2017,,7
17/09/2017,,7
18/09/2017,7.03,7
19/09/2017,7.13,7
20/09/2017,7.02,7
21/09/2017,7.15,7
22/09/2017,7.01,7
23/09/2017,,7
24/09/2017,,7
25/09/2017,7.01,7
26/09/2017,6.95,7
27/09/2017,7,7
28/09/2017,7.01,7
29/09/2017,7.06,7
30/09/2017,,7
01/10/2017,,7
02/10/2017,7.08,7
03/10/2017,7.04,7
04/10/2017,7.03,7
05/10/2017,7.03,7
06/10/2017,7.12,7
07/10/2017,,7
08/10/2017,,7
09/10/2017,7.06,7
10/10/2017,7.03,7
11/10/2017,7.14,7
12/10/2017,7.12,7
13/10/2017,7.02,7
14/10/2017,,7
15/10/2017,,7
16/10/2017,7.03,7
17/10/2017,7.03,7
18/10/2017,7.02,7
19/10/2017,7.07,7
20/10/2017,7.01,7
21/10/2017,,7
22/10/2017,,7
23/10/2017,7.01,7
24/10/2017,7.06,7
25/10/2017,7.01,7
26/10/2017,7.01,7
27/10/2017,7,7
28/10/2017,,7
29/10/2017,,7
30/10/2017,6.96,7
31/10/2017,7,7
01/11/2017,7.04,7
02/11/2017,,7
03/11/2017,7.14,7
04/11/2017,,7
05/11/2017,,7
06/11/2017,7.03,7
07/11/2017,7.01,7
08/11/2017,7.01,7
09/11/2017,7.01,7
10/11/2017,7.01,7
11/11/2017,,7
12/11/2017,,7
13/11/2017,7.01,7
14/11/2017,7.01,7
15/11/2017,7.02,7
16/11/2017,7.02,7
17/11/2017,7,7
18/11/2017,,7
19/11/2017,,7
20/11/2017,,7
21/11/2017,7.02,7
22/11/2017,7.02,7
23/11/2017,7,7
24/11/2017,7,7
25/11/2017,,7
26/11/2017,,7
27/11/2017,7.03,7
28/11/2017,7.07,7
29/11/2017,7,7
30/11/2017,7.06,7
01/12/2017,7.11,7
02/12/2017,,7
03/12/2017,,7
04/12/2017,7.03,7
05/12/2017,7.07,7
06/12/2017,7.06,7
07/12/2017,7.08,7
08/12/2017,7.08,7
09/12/2017,,7
10/12/2017,,7
11/12/2017,7.1,7
12/12/2017,,7
13/12/2017,7.2,7
14/12/2017,7.35,7.25
15/12/2017,7.3,7.25
16/12/2017,,7.25
17/12/2017,,7.25
18/12/2017,7.31,7.25
19/12/2017,7.3,7.25
20/12/2017,7.3,7.25
21/12/2017,7.3,7.25
22/12/2017,7.31,7.25
23/12/2017,,7.25
24/12/2017,,7.25
25/12/2017,,7.25
26/12/2017,7.29,7.25
27/12/2017,7.31,7.25
28/12/2017,7.36,7.25
29/12/2017,7.37,7.25
30/12/2017,,7.25
31/12/2017,,7.25
01/01/2018,,7.25
02/01/2018,7.32,7.25
03/01/2018,7.4,7.25
04/01/2018,7.28,7.25
05/01/2018,7.26,7.25
06/01/2018,,7.25
07/01/2018,,7.25
08/01/2018,7.26,7.25
09/01/2018,7.26,7.25
10/01/2018,7.26,7.25
11/01/2018,7.26,7.25
12/01/2018,7.26,7.25
13/01/2018,,7.25
14/01/2018,,7.25
15/01/2018,7.27,7.25
16/01/2018,7.28,7.25
17/01/2018,7.28,7.25
18/01/2018,7.33,7.25
19/01/2018,7.42,7.25
20/01/2018,,7.25
21/01/2018,,7.25
22/01/2018,7.27,7.25
23/01/2018,7.26,7.25
24/01/2018,7.3,7.25
25/01/2018,7.27,7.25
26/01/2018,7.28,7.25
27/01/2018,,7.25
28/01/2018,,7.25
29/01/2018,7.26,7.25
30/01/2018,7.26,7.25
31/01/2018,7.39,7.25
01/02/2018,7.35,7.25
02/02/2018,7.42,7.25
03/02/2018,,7.25
04/02/2018,,7.25
05/02/2018,,7.25
06/02/2018,7.27,7.25
07/02/2018,7.26,7.25
08/02/2018,7.42,7.5
09/02/2018,7.52,7.5
10/02/2018,,7.5
11/02/2018,,7.5
12/02/2018,7.51,7.5
13/02/2018,7.52,7.5
14/02/2018,7.53,7.5
15/02/2018,7.55,7.5
16/02/2018,7.58,7.5
17/02/2018,,7.5
18/02/2018,,7.5
19/02/2018,7.54,7.5
20/02/2018,7.5,7.5
21/02/2018,7.54,7.5
22/02/2018,7.58,7.5
23/02/2018,7.52,7.5
24/02/2018,,7.5
25/02/2018,,7.5
26/02/2018,7.53,7.5
27/02/2018,7.54,7.5
28/02/2018,7.63,7.5
01/03/2018,7.63,7.5
02/03/2018,7.6,7.5
03/03/2018,,7.5
04/03/2018,,7.5
05/03/2018,7.54,7.5
06/03/2018,7.59,7.5
07/03/2018,7.63,7.5
08/03/2018,7.58,7.5
09/03/2018,7.51,7.5
10/03/2018,,7.5
11/03/2018,,7.5
12/03/2018,7.51,7.5
13/03/2018,7.58,7.5
14/03/2018,7.57,7.5
15/03/2018,7.58,7.5
16/03/2018,7.57,7.5
17/03/2018,,7.5
18/03/2018,,7.5
19/03/2018,,7.5
20/03/2018,7.51,7.5
21/03/2018,7.51,7.5
22/03/2018,7.6,7.5
23/03/2018,7.53,7.5
24/03/2018,,7.5
25/03/2018,,7.5
26/03/2018,7.52,7.5
27/03/2018,7.55,7.5
28/03/2018,7.65,7.5
29/03/2018,,7.5
30/03/2018,,7.5
31/03/2018,,7.5
01/04/2018,,7.5
02/04/2018,7.55,7.5
03/04/2018,7.61,7.5
04/04/2018,7.53,7.5
05/04/2018,7.54,7.5
06/04/2018,7.54,7.5
07/04/2018,,7.5
08/04/2018,,7.5
09/04/2018,7.54,7.5
10/04/2018,7.51,7.5
11/04/2018,7.55,7.5
12/04/2018,7.69,7.5
13/04/2018,7.54,7.5
14/04/2018,,7.5
15/04/2018,,7.5
16/04/2018,7.53,7.5
17/04/2018,7.51,7.5
18/04/2018,7.52,7.5
19/04/2018,7.5,7.5
20/04/2018,7.52,7.5
21/04/2018,,7.5
22/04/2018,,7.5
23/04/2018,7.51,7.5
24/04/2018,7.51,7.5
25/04/2018,7.5,7.5
26/04/2018,7.55,7.5
27/04/2018,7.54,7.5
28/04/2018,,7.5
29/04/2018,,7.5
30/04/2018,7.58,7.5
01/05/2018,,7.5
02/05/2018,7.6,7.5
03/05/2018,7.59,7.5
04/05/2018,7.51,7.5
05/05/2018,,7.5
06/05/2018,,7.5
07/05/2018,7.51,7.5
08/05/2018,7.51,7.5
09/05/2018,7.52,7.5
10/05/2018,7.52,7.5
11/05/2018,7.57,7.5
12/05/2018,,7.5
13/05/2018,,7.5
14/05/2018,7.62,7.5
15/05/2018,7.62,7.5
16/05/2018,7.55,7.5
17/05/2018,7.68,7.5
18/05/2018,7.52,7.5
19/05/2018,,7.5
20/05/2018,,7.5
21/05/2018,7.52,7.5
22/05/2018,7.55,7.5
23/05/2018,7.55,7.5
24/05/2018,7.63,7.5
25/05/2018,7.6,7.5
26/05/2018,,7.5
27/05/2018,,7.5
28/05/2018,7.67,7.5
29/05/2018,7.56,7.5
30/05/2018,7.58,7.5
31/05/2018,7.7,7.5
01/06/2018,7.6,7.5
02/06/2018,,7.5
03/06/2018,,7.5
04/06/2018,7.59,7.5
05/06/2018,7.59,7.5
06/06/2018,7.64,7.5
07/06/2018,7.56,7.5
08/06/2018,7.55,7.5
09/06/2018,,7.5
10/06/2018,,7.5
11/06/2018,7.56,7.5
12/06/2018,7.59,7.5
13/06/2018,7.57,7.5
14/06/2018,7.58,7.5
15/06/2018,7.52,7.5
16/06/2018,,7.5
17/06/2018,,7.5
18/06/2018,7.54,7.5
19/06/2018,7.54,7.5
20/06/2018,7.54,7.5
21/06/2018,7.72,7.75
22/06/2018,7.75,7.75
23/06/2018,,7.75
24/06/2018,,7.75
25/06/2018,7.75,7.75
26/06/2018,7.76,7.75
27/06/2018,7.78,7.75
28/06/2018,7.8,7.75
29/06/2018,7.95,7.75
30/06/2018,,7.75
01/07/2018,,7.75
02/07/2018,7.77,7.75
03/07/2018,7.8,7.75
04/07/2018,7.9,7.75
05/07/2018,7.87,7.75
06/07/2018,7.81,7.75
07/07/2018,,7.75
08/07/2018,,7.75
09/07/2018,7.77,7.75
10/07/2018,7.78,7.75
11/07/2018,7.78,7.75
12/07/2018,7.78,7.75
13/07/2018,7.77,7.75
14/07/2018,,7.75
15/07/2018,,7.75
16/07/2018,7.77,7.75
17/07/2018,7.77,7.75
18/07/2018,7.76,7.75
19/07/2018,7.77,7.75
20/07/2018,7.76,7.75
21/07/2018,,7.75
22/07/2018,,7.75
23/07/2018,7.76,7.75
24/07/2018,7.76,7.75
25/07/2018,7.77,7.75
26/07/2018,7.83,7.75
27/07/2018,7.91,7.75
28/07/2018,,7.75
29/07/2018,,7.75
30/07/2018,7.95,7.75
31/07/2018,7.89,7.75
01/08/2018,7.83,7.75
02/08/2018,7.87,7.75
03/08/2018,7.78,7.75
04/08/2018,,7.75
05/08/2018,,7.75
06/08/2018,7.8,7.75
07/08/2018,7.79,7.75
08/08/2018,7.8,7.75
09/08/2018,7.84,7.75
10/08/2018,7.85,7.75
11/08/2018,,7.75
12/08/2018,,7.75
13/08/2018,7.84,7.75
14/08/2018,7.81,7.75
15/08/2018,7.8,7.75
16/08/2018,7.79,7.75
17/08/2018,7.78,7.75
18/08/2018,,7.75
19/08/2018,,7.75
20/08/2018,7.77,7.75
21/08/2018,7.79,7.75
22/08/2018,7.76,7.75
23/08/2018,7.76,7.75
24/08/2018,7.76,7.75
25/08/2018,,7.75
26/08/2018,,7.75
27/08/2018,7.79,7.75
28/08/2018,7.84,7.75
29/08/2018,7.8,7.75
30/08/2018,7.76,7.75
31/08/2018,7.83,7.75
01/09/2018,,7.75
02/09/2018,,7.75
03/09/2018,7.79,7.75
04/09/2018,7.8,7.75
05/09/2018,7.8,7.75
06/09/2018,7.78,7.75
07/09/2018,7.78,7.75
08/09/2018,,7.75
09/09/2018,,7.75
10/09/2018,7.78,7.75
11/09/2018,7.85,7.75
12/09/2018,7.84,7.75
13/09/2018,7.8,7.75
14/09/2018,7.78,7.75
15/09/2018,,7.75
16/09/2018,,7.75
17/09/2018,7.77,7.75
18/09/2018,7.76,7.75
19/09/2018,7.75,7.75
20/09/2018,7.75,7.75
21/09/2018,7.76,7.75
22/09/2018,,7.75
23/09/2018,,7.75
24/09/2018,7.78,7.75
25/09/2018,7.8,7.75
26/09/2018,7.83,7.75
27/09/2018,7.86,7.75
28/09/2018,8.05,7.75
29/09/2018,,7.75
30/09/2018,,7.75
01/10/2018,7.84,7.75
02/10/2018,7.88,7.75
03/10/2018,7.88,7.75
04/10/2018,8,7.75
05/10/2018,7.81,7.75
06/10/2018,,7.75
07/10/2018,,7.75
08/10/2018,7.85,7.75
09/10/2018,7.87,7.75
10/10/2018,7.79,7.75
11/10/2018,7.78,7.75
12/10/2018,7.81,7.75
13/10/2018,,7.75
14/10/2018,,7.75
15/10/2018,7.87,7.75
16/10/2018,7.85,7.75
17/10/2018,7.78,7.75
18/10/2018,7.75,7.75
19/10/2018,7.78,7.75
20/10/2018,,7.75
21/10/2018,,7.75
22/10/2018,7.77,7.75
23/10/2018,7.76,7.75
24/10/2018,7.76,7.75
25/10/2018,7.76,7.75
26/10/2018,7.75,7.75
27/10/2018,,7.75
28/10/2018,,7.75
29/10/2018,7.77,7.75
30/10/2018,7.76,7.75
31/10/2018,7.86,7.75
01/11/2018,7.87,7.75
02/11/2018,,7.75
03/11/2018,,7.75
04/11/2018,,7.75
05/11/2018,7.83,7.75
06/11/2018,7.84,7.75
07/11/2018,7.79,7.75
08/11/2018,7.77,7.75
09/11/2018,7.75,7.75
10/11/2018,,7.75
11/11/2018,,7.75
12/11/2018,7.77,7.75
13/11/2018,7.78,7.75
14/11/2018,7.78,7.75
15/11/2018,8.07,8
16/11/2018,8.07,8
17/11/2018,,8
18/11/2018,,8
19/11/2018,,8
20/11/2018,8.03,8
21/11/2018,8.02,8
22/11/2018,8,8
23/11/2018,8,8
24/11/2018,,8
25/11/2018,,8
26/11/2018,7.99,8
27/11/2018,8.01,8
28/11/2018,8.01,8
29/11/2018,8.03,8
30/11/2018,8.13,8
01/12/2018,,8
02/12/2018,,8
03/12/2018,8.06,8
04/12/2018,8.12,8
05/12/2018,8.18,8
06/12/2018,8.12,8
07/12/2018,8.12,8
08/12/2018,,8
09/12/2018,,8
10/12/2018,8.18,8
11/12/2018,8.17,8
12/12/2018,,8
13/12/2018,8.07,8
14/12/2018,7.99,8
15/12/2018,,8
16/12/2018,,8
17/12/2018,8,8
18/12/2018,8,8
19/12/2018,8.02,8
20/12/2018,8.3,8.25
21/12/2018,8.32,8.25
22/12/2018,,8.25
23/12/2018,,8.25
24/12/2018,8.38,8.25
25/12/2018,,8.25
26/12/2018,8.4,8.25
27/12/2018,8.5,8.25
28/12/2018,8.3,8.25
29/12/2018,,8.25
30/12/2018,,8.25
31/12/2018,8.3,8.25
01/01/2019,,8.25
02/01/2019,8.3,8.25
03/01/2019,8.28,8.25
04/01/2019,8.24,8.25
05/01/2019,,8.25
06/01/2019,,8.25
07/01/2019,8.26,8.25
08/01/2019,8.26,8.25
09/01/2019,8.25,8.25
10/01/2019,8.24,8.25
11/01/2019,8.3,8.25
12/01/2019,,8.25
13/01/2019,,8.25
14/01/2019,8.28,8.25
15/01/2019,8.32,8.25
16/01/2019,8.27,8.25
17/01/2019,8.22,8.25
18/01/2019,8.25,8.25
19/01/2019,,8.25
20/01/2019,,8.25
21/01/2019,8.3,8.25
22/01/2019,8.25,8.25
23/01/2019,8.2,8.25
24/01/2019,8.21,8.25
25/01/2019,8.23,8.25
26/01/2019,,8.25
27/01/2019,,8.25
28/01/2019,8.23,8.25
29/01/2019,8.25,8.25
30/01/2019,8.23,8.25
31/01/2019,8.3,8.25
01/02/2019,8.28,8.25
02/02/2019,,8.25
03/02/2019,,8.25
04/02/2019,,8.25
05/02/2019,8.25,8.25
06/02/2019,8.31,8.25
07/02/2019,8.26,8.25
08/02/2019,8.24,8.25
09/02/2019,,8.25
10/02/2019,,8.25
11/02/2019,8.25,8.25
12/02/2019,8.27,8.25
13/02/2019,8.25,8.25
14/02/2019,8.27,8.25
15/02/2019,8.27,8.25
16/02/2019,,8.25
17/02/2019,,8.25
18/02/2019,8.25,8.25
19/02/2019,8.25,8.25
20/02/2019,8.24,8.25
21/02/2019,8.24,8.25
22/02/2019,8.24,8.25
23/02/2019,,8.25
24/02/2019,,8.25
25/02/2019,8.25,8.25
26/02/2019,8.25,8.25
27/02/2019,8.23,8.25
28/02/2019,8.33,8.25
01/03/2019,8.26,8.25
02/03/2019,,8.25
03/03/2019,,8.25
04/03/2019,8.27,8.25
05/03/2019,8.26,8.25
06/03/2019,8.25,8.25
07/03/2019,8.26,8.25
08/03/2019,8.26,8.25
09/03/2019,,8.25
10/03/2019,,8.25
11/03/2019,8.26,8.25
12/03/2019,8.25,8.25
13/03/2019,8.25,8.25
14/03/2019,8.26,8.25
15/03/2019,8.29,8.25
16/03/2019,,8.25
17/03/2019,,8.25
18/03/2019,,8.25
19/03/2019,8.25,8.25
20/03/2019,8.25,8.25
21/03/2019,8.25,8.25
22/03/2019,8.25,8.25
23/03/2019,,8.25
24/03/2019,,8.25
25/03/2019,8.25,8.25
26/03/2019,8.25,8.25
27/03/2019,8.26,8.25
28/03/2019,8.27,8.25
29/03/2019,8.29,8.25
30/03/2019,,8.25
31/03/2019,,8.25
01/04/2019,8.28,8.25
02/04/2019,8.3,8.25
03/04/2019,8.28,8.25
04/04/2019,8.26,8.25
05/04/2019,8.26,8.25
06/04/2019,,8.25
07/04/2019,,8.25
08/04/2019,8.27,8.25
09/04/2019,8.29,8.25
10/04/2019,8.27,8.25
11/04/2019,8.29,8.25
12/04/2019,8.29,8.25
13/04/2019,,8.25
14/04/2019,,8.25
15/04/2019,8.28,8.25
16/04/2019,8.28,8.25
17/04/2019,8.29,8.25
18/04/2019,,8.25
19/04/2019,,8.25
20/04/2019,,8.25
21/04/2019,,8.25
22/04/2019,8.27,8.25
23/04/2019,8.28,8.25
24/04/2019,8.25,8.25
25/04/2019,8.21,8.25
26/04/2019,8.22,8.25
27/04/2019,,8.25
28/04/2019,,8.25
29/04/2019,8.25,8.25
30/04/2019,8.35,8.25
01/05/2019,,8.25
02/05/2019,8.29,8.25
03/05/2019,8.28,8.25
04/05/2019,,8.25
05/05/2019,,8.25
06/05/2019,8.27,8.25
07/05/2019,8.28,8.25
08/05/2019,8.27,8.25
09/05/2019,8.27,8.25
10/05/2019,8.28,8.25
11/05/2019,,8.25
12/05/2019,,8.25
13/05/2019,8.28,8.25
14/05/2019,8.32,8.25
15/05/2019,8.28,8.25
16/05/2019,8.27,8.25
17/05/2019,8.27,8.25
18/05/2019,,8.25
19/05/2019,,8.25
20/05/2019,8.25,8.25
21/05/2019,8.24,8.25
22/05/2019,8.3,8.25
23/05/2019,8.32,8.25
24/05/2019,8.3,8.25
25/05/2019,,8.25
26/05/2019,,8.25
27/05/2019,8.29,8.25
28/05/2019,8.3,8.25
29/05/2019,8.27,8.25
30/05/2019,8.32,8.25
31/05/2019,8.35,8.25
01/06/2019,,8.25
02/06/2019,,8.25
03/06/2019,8.32,8.25
04/06/2019,8.36,8.25
05/06/2019,8.37,8.25
06/06/2019,8.39,8.25
07/06/2019,8.29,8.25
08/06/2019,,8.25
09/06/2019,,8.25
10/06/2019,8.27,8.25
11/06/2019,8.24,8.25
12/06/2019,8.25,8.25
13/06/2019,8.25,8.25
14/06/2019,8.1,8.25
15/06/2019,,8.25
16/06/2019,,8.25
17/06/2019,8.05,8.25
18/06/2019,8.06,8.25
19/06/2019,8.26,8.25
20/06/2019,8.49,8.25
21/06/2019,8.3,8.25
23/06/2019,,8.25
24/06/2019,8.28,8.25
25/06/2019,8.3,8.25
26/06/2019,8.27,8.25
27/06/2019,8.25,8.25
28/06/2019,8.27,8.25
29/06/2019,,8.25
30/06/2019,,8.25
01/07/2019,8.26,8.25
02/07/2019,8.35,8.25
03/07/2019,8.28,8.25
04/07/2019,8.28,8.25
05/07/2019,8.29,8.25
06/07/2019,,8.25
07/07/2019,,8.25
08/07/2019,8.28,8.25
09/07/2019,8.29,8.25
10/07/2019,8.29,8.25
11/07/2019,8.3,8.25
12/07/2019,8.28,8.25
13/07/2019,,8.25
14/07/2019,,8.25
15/07/2019,8.29,8.25
16/07/2019,8.29,8.25
17/07/2019,8.27,8.25
18/07/2019,8.27,8.25
19/07/2019,8.27,8.25
20/07/2019,,8.25
21/07/2019,,8.25
22/07/2019,8.25,8.25
23/07/2019,8.26,8.25
24/07/2019,8.27,8.25
25/07/2019,8.3,8.25
26/07/2019,8.32,8.25
27/07/2019,,8.25
28/07/2019,,8.25
29/07/2019,8.28,8.25
30/07/2019,8.26,8.25
31/07/2019,8.31,8.25
01/08/2019,8.3,8.25
02/08/2019,8.31,8.25
03/08/2019,,8.25
04/08/2019,,8.25
05/08/2019,8.29,8.25
06/08/2019,8.29,8.25
07/08/2019,8.28,8.25
08/08/2019,8.28,8.25
09/08/2019,8.27,8.25
10/08/2019,,8.25
11/08/2019,,8.25
12/08/2019,8.29,8.25
13/08/2019,8.29,8.25
14/08/2019,8.32,8.25
15/08/2019,8.29,8
16/08/2019,8.03,8
17/08/2019,,8
18/08/2019,,8
19/08/2019,8.05,8
20/08/2019,8.01,8
21/08/2019,8.07,8
22/08/2019,8,8
23/08/2019,8,8
24/08/2019,,8
25/08/2019,,8
26/08/2019,7.98,8
27/08/2019,7.98,8
28/08/2019,7.98,8
29/08/2019,7.99,8
30/08/2019,8.17,8
31/08/2019,,8
01/09/2019,,8
02/09/2019,8.2,8
03/09/2019,8.2,8
04/09/2019,8.08,8
05/09/2019,8.02,8
06/09/2019,8.01,8
07/09/2019,,8
08/09/2019,,8
09/09/2019,8,8
10/09/2019,8,8
11/09/2019,8.05,8
12/09/2019,8.07,8
13/09/2019,8.03,8
14/09/2019,,8
15/09/2019,,8
16/09/2019,,8
17/09/2019,8,8
18/09/2019,7.99,8
19/09/2019,8,8
20/09/2019,8.15,8
21/09/2019,,8
22/09/2019,,8
23/09/2019,8.08,8
24/09/2019,8.07,8
25/09/2019,8.09,8
26/09/2019,8.38,7.75
27/09/2019,7.95,7.75
28/09/2019,,7.75
29/09/2019,,7.75
30/09/2019,8.04,7.75
01/10/2019,7.83,7.75
02/10/2019,7.82,7.75
03/10/2019,7.78,7.75
04/10/2019,7.72,7.75
05/10/2019,,7.75
06/10/2019,,7.75
07/10/2019,7.7,7.75
08/10/2019,7.76,7.75
09/10/2019,7.78,7.75
10/10/2019,7.78,7.75
11/10/2019,7.76,7.75
12/10/2019,,7.75
13/10/2019,,7.75
14/10/2019,7.77,7.75
15/10/2019,7.79,7.75
16/10/2019,7.81,7.75
17/10/2019,7.75,7.75
18/10/2019,7.77,7.75
19/10/2019,,7.75
20/10/2019,,7.75
21/10/2019,7.79,7.75
22/10/2019,7.79,7.75
23/10/2019,7.79,7.75
24/10/2019,7.78,7.75
25/10/2019,7.75,7.75
26/10/2019,,7.75
27/10/2019,,7.75
28/10/2019,7.76,7.75
29/10/2019,7.78,7.75
30/10/2019,7.79,7.75
31/10/2019,7.85,7.75
01/11/2019,7.79,7.75
02/11/2019,,7.75
03/11/2019,,7.75
04/11/2019,7.85,7.75
05/11/2019,7.84,7.75
06/11/2019,7.78,7.75
07/11/2019,7.84,7.75
08/11/2019,7.8,7.75
09/11/2019,,7.75
10/11/2019,,7.75
11/11/2019,7.76,7.75
12/11/2019,7.81,7.75
13/11/2019,8.1,7.75
14/11/2019,8.1,7.5
15/11/2019,7.99,7.5
16/11/2019,,7.5
17/11/2019,,7.5
18/11/2019,,7.5
19/11/2019,7.77,7.5
20/11/2019,7.7,7.5
21/11/2019,7.72,7.5
22/11/2019,7.59,7.5
23/11/2019,,7.5
24/11/2019,,7.5
25/11/2019,7.55,7.5
26/11/2019,7.58,7.5
27/11/2019,7.52,7.5
28/11/2019,7.51,7.5
29/11/2019,7.6,7.5
30/11/2019,,7.5
01/12/2019,,7.5
02/12/2019,7.59,7.5
03/12/2019,7.58,7.5
04/12/2019,7.54,7.5
05/12/2019,7.51,7.5
06/12/2019,7.52,7.5
07/12/2019,,7.5
08/12/2019,,7.5
09/12/2019,7.52,7.5
10/12/2019,7.52,7.5
11/12/2019,7.54,7.5
12/12/2019,,7.5
13/12/2019,7.51,7.5
14/12/2019,,7.5
15/12/2019,,7.5
16/12/2019,7.58,7.5
17/12/2019,7.6,7.5
18/12/2019,7.57,7.5
19/12/2019,7.59,7.25
20/12/2019,7.32,7.25
21/12/2019,,7.25
22/12/2019,,7.25
23/12/2019,7.32,7.25
24/12/2019,7.28,7.25
25/12/2019,,7.25
26/12/2019,7.3,7.25
27/12/2019,7.32,7.25
28/12/2019,,7.25
29/12/2019,,7.25
30/12/2019,7.27,7.25
31/12/2019,7.27,7.25
01/01/2020,,7.25
02/01/2020,7.3,7.25
03/01/2020,7.32,7.25
04/01/2020,,7.25
05/01/2020,,7.25
06/01/2020,7.31,7.25
07/01/2020,7.29,7.25
08/01/2020,7.28,7.25
09/01/2020,7.25,7.25
10/01/2020,7.25,7.25
11/01/2020,,7.25
12/01/2020,,7.25
13/01/2020,7.26,7.25
14/01/2020,7.28,7.25
15/01/2020,7.28,7.25
16/01/2020,7.26,7.25
17/01/2020,7.25,7.25
18/01/2020,,7.25
19/01/2020,,7.25
20/01/2020,7.25,7.25
21/01/2020,7.25,7.25
22/01/2020,7.2,7.25
23/01/2020,7.22,7.25
24/01/2020,7.23,7.25
25/01/2020,,7.25
26/01/2020,,7.25
27/01/2020,7.24,7.25
28/01/2020,7.23,7.25
29/01/2020,7.2,7.25
30/01/2020,7.27,7.25
31/01/2020,7.33,7.25
01/02/2020,,7.25
02/02/2020,,7.25
03/02/2020,,7.25
04/02/2020,7.26,7.25
05/02/2020,7.28,7.25
06/02/2020,7.29,7.25
07/02/2020,7.3,7.25
08/02/2020,,7.25
09/02/2020,,7.25
10/02/2020,7.29,7.25
11/02/2020,7.29,7.25
12/02/2020,7.26,7.25
13/02/2020,7.26,7
14/02/2020,7.05,7
15/02/2020,,7
16/02/2020,,7
17/02/2020,6.96,7
18/02/2020,6.95,7
19/02/2020,6.97,7
20/02/2020,6.97,7
21/02/2020,6.99,7
22/02/2020,,7
23/02/2020,,7
24/02/2020,6.98,7
25/02/2020,6.97,7
26/02/2020,6.99,7
27/02/2020,7.13,7
28/02/2020,7.13,7
02/03/2020,7.05,7
03/03/2020,7.06,7
04/03/2020,7.05,7
05/03/2020,7.06,7
06/03/2020,7.04,7
07/03/2020,,7
08/03/2020,,7
09/03/2020,7.05,7
10/03/2020,6.96,7
11/03/2020,7.03,7
12/03/2020,7.09,7
13/03/2020,7.05,7
14/03/2020,,7
15/03/2020,,7
16/03/2020,,7
17/03/2020,7.06,7
18/03/2020,7.04,7
19/03/2020,7.06,7
20/03/2020,7.04,6.5
21/03/2020,,6.5
22/03/2020,,6.5
23/03/2020,6.55,6.5
24/03/2020,6.57,6.5
25/03/2020,6.56,6.5
26/03/2020,6.55,6.5
27/03/2020,6.56,6.5
28/03/2020,,6.5
29/03/2020,,6.5
30/03/2020,6.57,6.5
31/03/2020,6.69,6.5
01/04/2020,6.57,6.5
02/04/2020,6.64,6.5
03/04/2020,6.52,6.5
04/04/2020,,6.5
05/04/2020,,6.5
06/04/2020,6.55,6.5
07/04/2020,6.53,6.5
08/04/2020,6.5,6.5
09/04/2020,,6.5
10/04/2020,,6.5
11/04/2020,,6.5
12/04/2020,,6.5
13/04/2020,6.47,6.5
14/04/2020,6.45,6.5
15/04/2020,6.4,6.5
16/04/2020,6.39,6.5
17/04/2020,6.45,6.5
18/04/2020,,6.5
19/04/2020,,6.5
20/04/2020,6.47,6.5
21/04/2020,6.62,6
22/04/2020,6.1,6
23/04/2020,6.23,6
24/04/2020,6.2,6
25/04/2020,,6
26/04/2020,,6
27/04/2020,5.96,6
28/04/2020,6.03,6
29/04/2020,5.97,6
30/04/2020,6.02,6
01/05/2020,,6
02/05/2020,,6
03/05/2020,,6
04/05/2020,6.01,6
05/05/2020,6.03,6
06/05/2020,6.03,6
07/05/2020,6.03,6
08/05/2020,6.02,6
09/05/2020,,6
10/05/2020,,6
11/05/2020,6.01,6
12/05/2020,6.02,6
13/05/2020,6.07,6
14/05/2020,6.45,5.5
15/05/2020,6,5.5
16/05/2020,,5.5
17/05/2020,,5.5
18/05/2020,5.52,5.5
19/05/2020,5.5,5.5
20/05/2020,5.5,5.5
21/05/2020,5.5,5.5
22/05/2020,5.53,5.5
23/05/2020,,5.5
24/05/2020,,5.5
25/05/2020,5.5,5.5
26/05/2020,5.53,5.5
27/05/2020,5.52,5.5
28/05/2020,5.52,5.5
29/05/2020,5.75,5.5
30/05/2020,,5.5
31/05/2020,,5.5
01/06/2020,5.6,5.5
02/06/2020,5.65,5.5
03/06/2020,5.57,5.5
04/06/2020,5.51,5.5
05/06/2020,5.51,5.5
06/06/2020,,5.5
07/06/2020,,5.5
08/06/2020,5.5,5.5
09/06/2020,5.49,5.5
10/06/2020,5.49,5.5
11/06/2020,5.53,5.5
12/06/2020,5.68,5.5
13/06/2020,,5.5
14/06/2020,,5.5
15/06/2020,5.5,5.5
16/06/2020,5.51,5.5
17/06/2020,5.5,5.5
18/06/2020,5.51,5.5
19/06/2020,5.64,5.5
20/06/2020,,5.5
21/06/2020,,5.5
22/06/2020,5.59,5.5
23/06/2020,5.58,5.5
24/06/2020,5.56,5.5
25/06/2020,5.56,5
26/06/2020,5.1,5
27/06/2020,,5
28/06/2020,,5
29/06/2020,5.04,5
30/06/2020,5.08,5
01/07/2020,5.06,5
02/07/2020,5.1,5
03/07/2020,5.05,5
04/07/2020,,5
05/07/2020,,5
06/07/2020,5.05,5
07/07/2020,5.02,5
08/07/2020,5,5
09/07/2020,4.98,5
10/07/2020,4.98,5
11/07/2020,,5
12/07/2020,,5
13/07/2020,4.98,5
14/07/2020,5.08,5
15/07/2020,5,5
16/07/2020,5,5
17/07/2020,5,5
18/07/2020,,5
19/07/2020,,5
20/07/2020,4.96,5
21/07/2020,4.97,5
22/07/2020,4.95,5
23/07/2020,4.95,5
24/07/2020,4.95,5
25/07/2020,,5
26/07/2020,,5
27/07/2020,4.95,5
28/07/2020,5.07,5
29/07/2020,5.01,5
30/07/2020,5.02,5
31/07/2020,5.1,5
01/08/2020,,5
02/08/2020,,5
03/08/2020,5.02,5
04/08/2020,5.14,5
05/08/2020,5,5
06/08/2020,5,5
07/08/2020,4.97,5
08/08/2020,,5
09/08/2020,,5
10/08/2020,4.99,5
11/08/2020,5,5
12/08/2020,5.04,5
13/08/2020,5.12,5
14/08/2020,4.53,4.5
15/08/2020,,4.5
16/08/2020,,4.5
17/08/2020,4.48,4.5
18/08/2020,4.42,4.5
19/08/2020,4.5,4.5
20/08/2020,4.46,4.5
21/08/2020,4.51,4.5
22/08/2020,,4.5
23/08/2020,,4.5
24/08/2020,4.55,4.5
25/08/2020,4.57,4.5
26/08/2020,4.45,4.5
27/08/2020,4.48,4.5
28/08/2020,4.49,4.5
30/08/2020,,4.5
31/08/2020,4.58,4.5
01/09/2020,4.51,4.5
02/09/2020,4.5,4.5
03/09/2020,4.49,4.5
04/09/2020,4.47,4.5
05/09/2020,,4.5
06/09/2020,,4.5
07/09/2020,4.47,4.5
08/09/2020,4.5,4.5
09/09/2020,4.47,4.5
10/09/2020,4.48,4.5
11/09/2020,4.53,4.5
12/09/2020,,4.5
13/09/2020,,4.5
14/09/2020,4.51,4.5
15/09/2020,4.54,4.5
16/09/2020,,4.5
17/09/2020,4.49,4.5
18/09/2020,4.5,4.5
19/09/2020,,4.5
20/09/2020,,4.5
21/09/2020,4.52,4.5
22/09/2020,4.58,4.5
23/09/2020,4.63,4.5
24/09/2020,4.55,4.5
25/09/2020,4.25,4.25
26/09/2020,,4.25
27/09/2020,,4.25
28/09/2020,4.25,4.25
29/09/2020,4.3,4.25
30/09/2020,4.28,4.25
01/10/2020,4.24,4.25
02/10/2020,4.24,4.25
03/10/2020,,4.25
04/10/2020,,4.25
05/10/2020,4.23,4.25
06/10/2020,4.25,4.25
07/10/2020,4.25,4.25
08/10/2020,4.25,4.25
09/10/2020,4.25,4.25
10/10/2020,,4.25
11/10/2020,,4.25
12/10/2020,4.25,4.25
13/10/2020,4.25,4.25
14/10/2020,4.24,4.25
15/10/2020,4.23,4.25
16/10/2020,4.24,4.25
17/10/2020,,4.25
18/10/2020,,4.25
19/10/2020,4.23,4.25
20/10/2020,4.23,4.25
21/10/2020,4.24,4.25
22/10/2020,4.25,4.25
23/10/2020,4.29,4.25
24/10/2020,,4.25
25/10/2020,,4.25
26/10/2020,4.27,4.25
27/10/2020,4.26,4.25
28/10/2020,4.24,4.25
29/10/2020,4.25,4.25
30/10/2020,4.28,4.25
31/10/2020,,4.25
01/11/2020,,4.25
02/11/2020,,4.25
03/11/2020,4.26,4.25
04/11/2020,4.28,4.25
05/11/2020,4.27,4.25
06/11/2020,4.26,4.25
07/11/2020,,4.25
08/11/2020,,4.25
09/11/2020,4.26,4.25
10/11/2020,4.25,4.25
11/11/2020,4.24,4.25
12/11/2020,4.25,4.25
13/11/2020,4.26,4.25
14/11/2020,,4.25
15/11/2020,,4.25
16/11/2020,,4.25
17/11/2020,4.25,4.25
18/11/2020,4.24,4.25
19/11/2020,4.24,4.25
20/11/2020,4.21,4.25
21/11/2020,,4.25
22/11/2020,,4.25
23/11/2020,4.25,4.25
24/11/2020,4.32,4.25
25/11/2020,4.3,4.25
26/11/2020,4.28,4.25
27/11/2020,4.29,4.25
28/11/2020,,4.25
29/11/2020,,4.25
30/11/2020,4.42,4.25
01/12/2020,4.35,4.25
02/12/2020,4.3,4.25
03/12/2020,4.24,4.25
04/12/2020,4.23,4.25
05/12/2020,,4.25
06/12/2020,,4.25
07/12/2020,4.25,4.25
08/12/2020,4.27,4.25
09/12/2020,4.27,4.25
10/12/2020,4.3,4.25
11/12/2020,4.2,4.25
12/12/2020,,4.25
13/12/2020,,4.25
14/12/2020,4.26,4.25
15/12/2020,4.3,4.25
16/12/2020,4.28,4.25
17/12/2020,4.22,4.25
18/12/2020,4.22,4.25
19/12/2020,,4.25
20/12/2020,,4.25
21/12/2020,4.27,4.25
22/12/2020,4.28,4.25
23/12/2020,4.28,4.25
24/12/2020,4.35,4.25
25/12/2020,,4.25
26/12/2020,,4.25
27/12/2020,,4.25
28/12/2020,4.44,4.25
29/12/2020,4.4,4.25
30/12/2020,4.36,4.25
31/12/2020,4.38,4.25
01/01/2021,,4.25
02/01/2021,,4.25
03/01/2021,,4.25
04/01/2021,4.3,4.25
05/01/2021,4.29,4.25
06/01/2021,4.23,4.25
07/01/2021,4.21,4.25
08/01/2021,4.23,4.25
09/01/2021,,4.25
10/01/2021,,4.25
11/01/2021,4.22,4.25
12/01/2021,4.25,4.25
13/01/2021,4.32,4.25
14/01/2021,4.28,4.25
15/01/2021,4.29,4.25
16/01/2021,,4.25
17/01/2021,,4.25
18/01/2021,4.25,4.25
19/01/2021,4.25,4.25
20/01/2021,4.33,4.25
21/01/2021,4.3,4.25
22/01/2021,4.32,4.25
23/01/2021,,4.25
24/01/2021,,4.25
25/01/2021,4.4,4.25
26/01/2021,4.46,4.25
27/01/2021,4.38,4.25
28/01/2021,4.35,4.25
29/01/2021,4.39,4.25
30/01/2021,,4.25
31/01/2021,,4.25
01/02/2021,,4.25
02/02/2021,4.27,4.25
03/02/2021,4.24,4.25
04/02/2021,4.21,4.25
05/02/2021,4.24,4.25
06/02/2021,,4.25
07/02/2021,,4.25
08/02/2021,4.3,4.25
09/02/2021,4.29,4.25
10/02/2021,4.25,4.25
11/02/2021,4.24,4.25
12/02/2021,4,4
13/02/2021,,4
14/02/2021,,4
15/02/2021,3.97,4
16/02/2021,3.96,4
17/02/2021,3.94,4
18/02/2021,3.97,4
19/02/2021,4.04,4
20/02/2021,,4
21/02/2021,,4
22/02/2021,4.09,4
23/02/2021,4.03,4
24/02/2021,4.07,4
25/02/2021,4.04,4
26/02/2021,4.03,4
27/02/2021,,4
28/02/2021,,4
01/03/2021,4.05,4
02/03/2021,4.04,4
03/03/2021,4.01,4
04/03/2021,3.92,4
05/03/2021,3.95,4
06/03/2021,,4
07/03/2021,,4
08/03/2021,4,4
09/03/2021,4.02,4
10/03/2021,4.06,4
11/03/2021,4.07,4
12/03/2021,4.02,4
13/03/2021,,4
14/03/2021,,4
15/03/2021,,4
16/03/2021,4.01,4
17/03/2021,3.99,4
18/03/2021,3.99,4
19/03/2021,4.04,4
20/03/2021,,4
21/03/2021,,4
22/03/2021,4.02,4
23/03/2021,4.09,4
24/03/2021,3.98,4
25/03/2021,4,4
26/03/2021,3.98,4
27/03/2021,,4
28/03/2021,,4
29/03/2021,3.95,4
30/03/2021,3.97,4
31/03/2021,4.2,4
01/04/2021,,4
02/04/2021,,4
03/04/2021,,4
04/04/2021,,4
05/04/2021,4.06,4
06/04/2021,4.03,4
07/04/2021,4.01,4
08/04/2021,4.02,4
09/04/2021,4.05,4
10/04/2021,,4
11/04/2021,,4
12/04/2021,4.02,4
13/04/2021,4,4
14/04/2021,4,4
15/04/2021,3.99,4
16/04/2021,4,4
17/04/2021,,4
18/04/2021,,4
19/04/2021,3.97,4
20/04/2021,4,4
21/04/2021,4,4
22/04/2021,4.01,4
23/04/2021,4.01,4
24/04/2021,,4
25/04/2021,,4
26/04/2021,3.99,4
27/04/2021,4,4
28/04/2021,4.01,4
29/04/2021,4.06,4
30/04/2021,4.05,4
01/05/2021,,4
02/05/2021,,4
03/05/2021,4.04,4
04/05/2021,4.07,4
05/05/2021,4.02,4
06/05/2021,4.02,4
07/05/2021,4.02,4
08/05/2021,,4
10/05/2021,4.04,4
11/05/2021,4.03,4
12/05/2021,4.01,4
13/05/2021,4.02,4
14/05/2021,4.01,4
15/05/2021,,4
16/05/2021,,4
17/05/2021,4,4
18/05/2021,4.02,4
19/05/2021,4.05,4
20/05/2021,4.07,4
21/05/2021,4.03,4
22/05/2021,,4
23/05/2021,,4
24/05/2021,4.06,4
25/05/2021,4.05,4
26/05/2021,4.04,4
27/05/2021,4.05,4
28/05/2021,4.05,4
29/05/2021,,4
30/05/2021,,4
31/05/2021,4.06,4
01/06/2021,4.05,4
02/06/2021,4.03,4
03/06/2021,4.01,4
04/06/2021,4.01,4
05/06/2021,,4
06/06/2021,,4
07/06/2021,4.01,4
08/06/2021,4.01,4
09/06/2021,4.01,4
10/06/2021,3.98,4
11/06/2021,3.85,4
12/06/2021,,4
13/06/2021,,4
14/06/2021,3.87,4
15/06/2021,3.98,4
16/06/2021,4.03,4
17/06/2021,3.96,4
18/06/2021,3.96,4
19/06/2021,,4
20/06/2021,,4
21/06/2021,4.02,4
22/06/2021,4.05,4
23/06/2021,4.04,4
24/06/2021,4.03,4
25/06/2021,4.31,4.25
26/06/2021,,4.25
27/06/2021,,4.25
28/06/2021,4.27,4.25
29/06/2021,4.26,4.25
30/06/2021,4.22,4.25
01/07/2021,4.23,4.25
02/07/2021,4.23,4.25
03/07/2021,,4.25
04/07/2021,,4.25
05/07/2021,4.24,4.25
06/07/2021,4.24,4.25
07/07/2021,4.24,4.25
08/07/2021,4.24,4.25
09/07/2021,4.27,4.25
10/07/2021,,4.25
11/07/2021,,4.25
12/07/2021,4.29,4.25
13/07/2021,4.27,4.25
14/07/2021,4.27,4.25
15/07/2021,4.27,4.25
16/07/2021,4.25,4.25
17/07/2021,,4.25
18/07/2021,,4.25
19/07/2021,4.24,4.25
20/07/2021,4.24,4.25
21/07/2021,4.3,4.25
22/07/2021,4.34,4.25
23/07/2021,4.28,4.25
24/07/2021,,4.25
25/07/2021,,4.25
26/07/2021,4.33,4.25
27/07/2021,4.3,4.25
28/07/2021,4.27,4.25
29/07/2021,4.28,4.25
30/07/2021,4.44,4.25
31/07/2021,,4.25
01/08/2021,,4.25
02/08/2021,,4.25
03/08/2021,,4.25