País,Fecha,Casos totales,Personas vacunadas,Población
Mexico,2020-1-1,,,128932753
Mexico,2020-1-2,,,128932753
Mexico,2020-1-3,,,128932753
Mexico,2020-1-4,,,128932753
Mexico,2020-1-5,,,128932753
Mexico,2020-1-6,,,128932753
Mexico,2020-1-7,,,128932753
Mexico,2020-1-8,,,128932753
Mexico,2020-1-9,,,128932753
Mexico,2020-1-10,,,128932753
Mexico,2020-1-11,,,128932753
Mexico,2020-1-12,,,128932753
Mexico,2020-1-13,,,128932753
Mexico,2020-1-14,,,128932753
Mexico,2020-1-15,,,128932753
Mexico,2020-1-16,,,128932753
Mexico,2020-1-17,,,128932753
Mexico,2020-1-18,,,128932753
Mexico,2020-1-19,,,128932753
Mexico,2020-1-20,,,128932753
Mexico,2020-1-21,,,128932753
Mexico,2020-1-22,,,128932753
Mexico,2020-1-23,,,128932753
Mexico,2020-1-24,,,128932753
Mexico,2020-1-25,,,128932753
Mexico,2020-1-26,,,128932753
Mexico,2020-1-27,,,128932753
Mexico,2020-1-28,,,128932753
Mexico,2020-1-29,,,128932753
Mexico,2020-1-30,,,128932753
Mexico,2020-1-31,,,128932753
Mexico,2020-2-1,,,128932753
Mexico,2020-2-2,,,128932753
Mexico,2020-2-3,,,128932753
Mexico,2020-2-4,,,128932753
Mexico,2020-2-5,,,128932753
Mexico,2020-2-6,,,128932753
Mexico,2020-2-7,,,128932753
Mexico,2020-2-8,,,128932753
Mexico,2020-2-9,,,128932753
Mexico,2020-2-10,,,128932753
Mexico,2020-2-11,,,128932753
Mexico,2020-2-12,,,128932753
Mexico,2020-2-13,,,128932753
Mexico,2020-2-14,,,128932753
Mexico,2020-2-15,,,128932753
Mexico,2020-2-16,,,128932753
Mexico,2020-2-17,,,128932753
Mexico,2020-2-18,,,128932753
Mexico,2020-2-19,,,128932753
Mexico,2020-2-20,,,128932753
Mexico,2020-2-21,,,128932753
Mexico,2020-2-22,,,128932753
Mexico,2020-2-23,,,128932753
Mexico,2020-2-24,,,128932753
Mexico,2020-2-25,,,128932753
Mexico,2020-2-26,,,128932753
Mexico,2020-2-27,,,128932753
Mexico,2020-2-28,1,,128932753
Mexico,2020-2-29,4,,128932753
Mexico,2020-3-1,5,,128932753
Mexico,2020-3-2,5,,128932753
Mexico,2020-3-3,5,,128932753
Mexico,2020-3-4,5,,128932753
Mexico,2020-3-5,5,,128932753
Mexico,2020-3-6,6,,128932753
Mexico,2020-3-7,6,,128932753
Mexico,2020-3-8,7,,128932753
Mexico,2020-3-9,7,,128932753
Mexico,2020-3-10,7,,128932753
Mexico,2020-3-11,8,,128932753
Mexico,2020-3-12,12,,128932753
Mexico,2020-3-13,26,,128932753
Mexico,2020-3-14,41,,128932753
Mexico,2020-3-15,53,,128932753
Mexico,2020-3-16,82,,128932753
Mexico,2020-3-17,93,,128932753
Mexico,2020-3-18,118,,128932753
Mexico,2020-3-19,164,,128932753
Mexico,2020-3-20,203,,128932753
Mexico,2020-3-21,251,,128932753
Mexico,2020-3-22,316,,128932753
Mexico,2020-3-23,367,,128932753
Mexico,2020-3-24,405,,128932753
Mexico,2020-3-25,475,,128932753
Mexico,2020-3-26,585,,128932753
Mexico,2020-3-27,717,,128932753
Mexico,2020-3-28,848,,128932753
Mexico,2020-3-29,993,,128932753
Mexico,2020-3-30,1094,,128932753
Mexico,2020-3-31,1215,,128932753
Mexico,2020-4-1,1378,,128932753
Mexico,2020-4-2,1510,,128932753
Mexico,2020-4-3,1688,,128932753
Mexico,2020-4-4,1890,,128932753
Mexico,2020-4-5,2143,,128932753
Mexico,2020-4-6,2439,,128932753
Mexico,2020-4-7,2785,,128932753
Mexico,2020-4-8,3181,,128932753
Mexico,2020-4-9,3441,,128932753
Mexico,2020-4-10,3844,,128932753
Mexico,2020-4-11,4219,,128932753
Mexico,2020-4-12,4661,,128932753
Mexico,2020-4-13,5014,,128932753
Mexico,2020-4-14,5399,,128932753
Mexico,2020-4-15,5847,,128932753
Mexico,2020-4-16,6297,,128932753
Mexico,2020-4-17,6875,,128932753
Mexico,2020-4-18,7497,,128932753
Mexico,2020-4-19,8261,,128932753
Mexico,2020-4-20,8772,,128932753
Mexico,2020-4-21,9501,,128932753
Mexico,2020-4-22,10544,,128932753
Mexico,2020-4-23,11633,,128932753
Mexico,2020-4-24,12872,,128932753
Mexico,2020-4-25,13842,,128932753
Mexico,2020-4-26,14677,,128932753
Mexico,2020-4-27,15529,,128932753
Mexico,2020-4-28,16752,,128932753
Mexico,2020-4-29,17799,,128932753
Mexico,2020-4-30,19224,,128932753
Mexico,2020-5-1,20739,,128932753
Mexico,2020-5-2,22088,,128932753
Mexico,2020-5-3,23471,,128932753
Mexico,2020-5-4,24905,,128932753
Mexico,2020-5-5,26025,,128932753
Mexico,2020-5-6,27634,,128932753
Mexico,2020-5-7,29616,,128932753
Mexico,2020-5-8,31522,,128932753
Mexico,2020-5-9,33460,,128932753
Mexico,2020-5-10,35022,,128932753
Mexico,2020-5-11,36327,,128932753
Mexico,2020-5-12,38324,,128932753
Mexico,2020-5-13,40186,,128932753
Mexico,2020-5-14,42595,,128932753
Mexico,2020-5-15,45032,,128932753
Mexico,2020-5-16,47144,,128932753
Mexico,2020-5-17,49219,,128932753
Mexico,2020-5-18,51633,,128932753
Mexico,2020-5-19,54346,,128932753
Mexico,2020-5-20,56594,,128932753
Mexico,2020-5-21,59567,,128932753
Mexico,2020-5-22,62527,,128932753
Mexico,2020-5-23,65856,,128932753
Mexico,2020-5-24,68620,,128932753
Mexico,2020-5-25,71105,,128932753
Mexico,2020-5-26,74560,,128932753
Mexico,2020-5-27,78023,,128932753
Mexico,2020-5-28,81400,,128932753
Mexico,2020-5-29,84627,,128932753
Mexico,2020-5-30,87512,,128932753
Mexico,2020-5-31,90664,,128932753
Mexico,2020-6-1,93435,,128932753
Mexico,2020-6-2,97326,,128932753
Mexico,2020-6-3,101238,,128932753
Mexico,2020-6-4,105680,,128932753
Mexico,2020-6-5,110026,,128932753
Mexico,2020-6-6,113619,,128932753
Mexico,2020-6-7,117103,,128932753
Mexico,2020-6-8,120102,,128932753
Mexico,2020-6-9,124301,,128932753
Mexico,2020-6-10,129184,,128932753
Mexico,2020-6-11,133974,,128932753
Mexico,2020-6-12,139196,,128932753
Mexico,2020-6-13,142690,,128932753
Mexico,2020-6-14,146837,,128932753
Mexico,2020-6-15,150264,,128932753
Mexico,2020-6-16,154863,,128932753
Mexico,2020-6-17,159793,,128932753
Mexico,2020-6-18,165455,,128932753
Mexico,2020-6-19,170485,,128932753
Mexico,2020-6-20,175202,,128932753
Mexico,2020-6-21,180545,,128932753
Mexico,2020-6-22,185122,,128932753
Mexico,2020-6-23,191410,,128932753
Mexico,2020-6-24,196847,,128932753
Mexico,2020-6-25,202951,,128932753
Mexico,2020-6-26,208392,,128932753
Mexico,2020-6-27,212802,,128932753
Mexico,2020-6-28,216852,,128932753
Mexico,2020-6-29,220657,,128932753
Mexico,2020-6-30,226089,,128932753
Mexico,2020-7-1,231770,,128932753
Mexico,2020-7-2,238511,,128932753
Mexico,2020-7-3,245251,,128932753
Mexico,2020-7-4,252165,,128932753
Mexico,2020-7-5,256848,,128932753
Mexico,2020-7-6,261750,,128932753
Mexico,2020-7-7,268008,,128932753
Mexico,2020-7-8,275003,,128932753
Mexico,2020-7-9,282283,,128932753
Mexico,2020-7-10,289174,,128932753
Mexico,2020-7-11,295268,,128932753
Mexico,2020-7-12,299750,,128932753
Mexico,2020-7-13,304435,,128932753
Mexico,2020-7-14,311486,,128932753
Mexico,2020-7-15,317635,,128932753
Mexico,2020-7-16,324041,,128932753
Mexico,2020-7-17,331298,,128932753
Mexico,2020-7-18,338913,,128932753
Mexico,2020-7-19,344224,,128932753
Mexico,2020-7-20,349396,,128932753
Mexico,2020-7-21,356255,,128932753
Mexico,2020-7-22,362274,,128932753
Mexico,2020-7-23,370712,,128932753
Mexico,2020-7-24,378285,,128932753
Mexico,2020-7-25,385036,,128932753
Mexico,2020-7-26,390516,,128932753
Mexico,2020-7-27,395489,,128932753
Mexico,2020-7-28,402697,,128932753
Mexico,2020-7-29,408449,,128932753
Mexico,2020-7-30,416179,,128932753
Mexico,2020-7-31,424637,,128932753
Mexico,2020-8-1,434193,,128932753
Mexico,2020-8-2,439046,,128932753
Mexico,2020-8-3,443813,,128932753
Mexico,2020-8-4,449961,,128932753
Mexico,2020-8-5,456100,,128932753
Mexico,2020-8-6,462690,,128932753
Mexico,2020-8-7,469407,,128932753
Mexico,2020-8-8,475902,,128932753
Mexico,2020-8-9,480278,,128932753
Mexico,2020-8-10,485836,,128932753
Mexico,2020-8-11,492522,,128932753
Mexico,2020-8-12,498380,,128932753
Mexico,2020-8-13,505751,,128932753
Mexico,2020-8-14,511369,,128932753
Mexico,2020-8-15,517714,,128932753
Mexico,2020-8-16,522162,,128932753
Mexico,2020-8-17,525733,,128932753
Mexico,2020-8-18,531239,,128932753
Mexico,2020-8-19,537031,,128932753
Mexico,2020-8-20,543806,,128932753
Mexico,2020-8-21,549734,,128932753
Mexico,2020-8-22,556216,,128932753
Mexico,2020-8-23,560164,,128932753
Mexico,2020-8-24,563705,,128932753
Mexico,2020-8-25,568621,,128932753
Mexico,2020-8-26,573888,,128932753
Mexico,2020-8-27,579914,,128932753
Mexico,2020-8-28,585738,,128932753
Mexico,2020-8-29,591712,,128932753
Mexico,2020-8-30,595841,,128932753
Mexico,2020-8-31,599560,,128932753
Mexico,2020-9-1,606036,,128932753
Mexico,2020-9-2,610957,,128932753
Mexico,2020-9-3,616894,,128932753
Mexico,2020-9-4,623090,,128932753
Mexico,2020-9-5,629409,,128932753
Mexico,2020-9-6,634023,,128932753
Mexico,2020-9-7,637509,,128932753
Mexico,2020-9-8,642860,,128932753
Mexico,2020-9-9,647321,,128932753
Mexico,2020-9-10,652364,,128932753
Mexico,2020-9-11,658299,,128932753
Mexico,2020-9-12,663973,,128932753
Mexico,2020-9-13,668381,,128932753
Mexico,2020-9-14,671716,,128932753
Mexico,2020-9-15,676487,,128932753
Mexico,2020-9-16,680931,,128932753
Mexico,2020-9-17,684113,,128932753
Mexico,2020-9-18,688954,,128932753
Mexico,2020-9-19,694121,,128932753
Mexico,2020-9-20,697663,,128932753
Mexico,2020-9-21,700580,,128932753
Mexico,2020-9-22,705263,,128932753
Mexico,2020-9-23,710049,,128932753
Mexico,2020-9-24,715457,,128932753
Mexico,2020-9-25,720858,,128932753
Mexico,2020-9-26,726431,,128932753
Mexico,2020-9-27,730317,,128932753
Mexico,2020-9-28,733717,,128932753
Mexico,2020-9-29,738163,,128932753
Mexico,2020-9-30,743216,,128932753
Mexico,2020-10-1,748315,,128932753
Mexico,2020-10-2,753090,,128932753
Mexico,2020-10-3,757953,,128932753
Mexico,2020-10-4,761665,,128932753
Mexico,2020-10-5,789780,,128932753
Mexico,2020-10-6,794608,,128932753
Mexico,2020-10-7,799188,,128932753
Mexico,2020-10-8,804488,,128932753
Mexico,2020-10-9,810020,,128932753
Mexico,2020-10-10,814328,,128932753
Mexico,2020-10-11,817503,,128932753
Mexico,2020-10-12,821045,,128932753
Mexico,2020-10-13,825340,,128932753
Mexico,2020-10-14,829396,,128932753
Mexico,2020-10-15,834910,,128932753
Mexico,2020-10-16,841661,,128932753
Mexico,2020-10-17,847108,,128932753
Mexico,2020-10-18,851227,,128932753
Mexico,2020-10-19,854926,,128932753
Mexico,2020-10-20,860714,,128932753
Mexico,2020-10-21,867559,,128932753
Mexico,2020-10-22,874171,,128932753
Mexico,2020-10-23,880775,,128932753
Mexico,2020-10-24,886800,,128932753
Mexico,2020-10-25,891160,,128932753
Mexico,2020-10-26,895326,,128932753
Mexico,2020-10-27,901268,,128932753
Mexico,2020-10-28,906863,,128932753
Mexico,2020-10-29,912811,,128932753
Mexico,2020-10-30,918811,,128932753
Mexico,2020-10-31,924962,,128932753
Mexico,2020-11-1,929392,,128932753
Mexico,2020-11-2,933155,,128932753
Mexico,2020-11-3,938405,,128932753
Mexico,2020-11-4,943630,,128932753
Mexico,2020-11-5,949197,,128932753
Mexico,2020-11-6,955128,,128932753
Mexico,2020-11-7,961938,,128932753
Mexico,2020-11-8,967825,,128932753
Mexico,2020-11-9,972785,,128932753
Mexico,2020-11-10,978531,,128932753
Mexico,2020-11-11,986177,,128932753
Mexico,2020-11-12,991835,,128932753
Mexico,2020-11-13,997393,,128932753
Mexico,2020-11-14,1003253,,128932753
Mexico,2020-11-15,1006522,,128932753
Mexico,2020-11-16,1009396,,128932753
Mexico,2020-11-17,1011153,,128932753
Mexico,2020-11-18,1015071,,128932753
Mexico,2020-11-19,1019543,,128932753
Mexico,2020-11-20,1025969,,128932753
Mexico,2020-11-21,1032688,,128932753
Mexico,2020-11-22,1041875,,128932753
Mexico,2020-11-23,1049358,,128932753
Mexico,2020-11-24,1060152,,128932753
Mexico,2020-11-25,1070487,,128932753
Mexico,2020-11-26,1078594,,128932753
Mexico,2020-11-27,1090675,,128932753
Mexico,2020-11-28,1101403,,128932753
Mexico,2020-11-29,1107071,,128932753
Mexico,2020-11-30,1113543,,128932753
Mexico,2020-12-1,1122362,,128932753
Mexico,2020-12-2,1133613,,128932753
Mexico,2020-12-3,1144643,,128932753
Mexico,2020-12-4,1156770,,128932753
Mexico,2020-12-5,1168395,,128932753
Mexico,2020-12-6,1175850,,128932753
Mexico,2020-12-7,1182249,,128932753
Mexico,2020-12-8,1193255,,128932753
Mexico,2020-12-9,1205229,,128932753
Mexico,2020-12-10,1217126,,128932753
Mexico,2020-12-11,1229379,,128932753
Mexico,2020-12-12,1241436,,128932753
Mexico,2020-12-13,1250044,,128932753
Mexico,2020-12-14,1255974,,128932753
Mexico,2020-12-15,1267202,,128932753
Mexico,2020-12-16,1277499,,128932753
Mexico,2020-12-17,1289298,,128932753
Mexico,2020-12-18,1301546,,128932753
Mexico,2020-12-19,1313675,,128932753
Mexico,2020-12-20,1320545,,128932753
Mexico,2020-12-21,1325915,,128932753
Mexico,2020-12-22,1338426,,128932753
Mexico,2020-12-23,1350079,,128932753
Mexico,2020-12-24,1362564,2924,128932753
Mexico,2020-12-25,1372243,,128932753
Mexico,2020-12-26,1377217,,128932753
Mexico,2020-12-27,1383434,6824,128932753
Mexico,2020-12-28,1389430,9579,128932753
Mexico,2020-12-29,1401529,18529,128932753
Mexico,2020-12-30,1413935,24998,128932753
Mexico,2020-12-31,1426094,,128932753
Mexico,2021-1-1,1437185,,128932753
Mexico,2021-1-2,1443544,,128932753
Mexico,2021-1-3,1448755,,128932753
Mexico,2021-1-4,1455219,43960,128932753
Mexico,2021-1-5,1466490,48236,128932753
Mexico,2021-1-6,1479835,53185,128932753
Mexico,2021-1-7,1493569,58402,128932753
Mexico,2021-1-8,1507931,67468,128932753
Mexico,2021-1-9,1524036,74794,128932753
Mexico,2021-1-10,1534039,81300,128932753
Mexico,2021-1-11,1541633,87060,128932753
Mexico,2021-1-12,1556028,92879,128932753
Mexico,2021-1-13,1571901,192567,128932753
Mexico,2021-1-14,1588369,329983,128932753
Mexico,2021-1-15,1609735,415417,128932753
Mexico,2021-1-16,1630258,461025,128932753
Mexico,2021-1-17,1641428,468708,128932753
Mexico,2021-1-18,1649502,485983,128932753
Mexico,2021-1-19,1668396,488513,128932753
Mexico,2021-1-20,1688944,489628,128932753
Mexico,2021-1-21,1711283,534317,128932753
Mexico,2021-1-22,1732290,594725,128932753
Mexico,2021-1-23,1752347,596296,128932753
Mexico,2021-1-24,1763219,604441,128932753
Mexico,2021-1-25,1771740,616390,128932753
Mexico,2021-1-26,1788905,621005,128932753
Mexico,2021-1-27,1806849,624730,128932753
Mexico,2021-1-28,1825519,626528,128932753
Mexico,2021-1-29,1841893,630820,128932753
Mexico,2021-1-30,1857230,631298,128932753
Mexico,2021-1-31,1864260,631485,128932753
Mexico,2021-2-1,1869708,631747,128932753
Mexico,2021-2-2,1874092,631791,128932753
Mexico,2021-2-3,1886245,632439,128932753
Mexico,2021-2-4,1886245,634346,128932753
Mexico,2021-2-5,1912871,636070,128932753
Mexico,2021-2-6,1926080,637098,128932753
Mexico,2021-2-7,1932145,637681,128932753
Mexico,2021-2-8,1936013,638391,128932753
Mexico,2021-2-9,1946751,,128932753
Mexico,2021-2-10,1957889,640115,128932753
Mexico,2021-2-11,1968566,640115,128932753
Mexico,2021-2-12,1978954,640115,128932753
Mexico,2021-2-13,1988695,640125,128932753
Mexico,2021-2-14,1992794,,128932753
Mexico,2021-2-15,1995892,663484,128932753
Mexico,2021-2-16,2004575,829185,128932753
Mexico,2021-2-17,2013563,958473,128932753
Mexico,2021-2-18,2022662,,128932753
Mexico,2021-2-19,2030491,1155227,128932753
Mexico,2021-2-20,2038276,1210886,128932753
Mexico,2021-2-21,2041380,1236103,128932753
Mexico,2021-2-22,2043632,1277187,128932753
Mexico,2021-2-23,2052266,1336854,128932753
Mexico,2021-2-24,2060908,1425395,128932753
Mexico,2021-2-25,2069370,1562401,128932753
Mexico,2021-2-26,2076882,1708721,128932753
Mexico,2021-2-27,2084128,1818034,128932753
Mexico,2021-2-28,2086938,1889672,128932753
Mexico,2021-3-1,2089281,1959525,128932753
Mexico,2021-3-2,2097194,2012853,128932753
Mexico,2021-3-3,2104987,2043941,128932753
Mexico,2021-3-4,2112508,,128932753
Mexico,2021-3-5,2119305,2128766,128932753
Mexico,2021-3-6,2125866,2162358,128932753
Mexico,2021-3-7,2128600,,128932753
Mexico,2021-3-8,2130477,2245291,128932753
Mexico,2021-3-9,2137884,2495067,128932753
Mexico,2021-3-10,2144486,2882000,128932753
Mexico,2021-3-11,2150955,,128932753
Mexico,2021-3-12,2157771,3395671,128932753
Mexico,2021-3-13,2163875,3604420,128932753
Mexico,2021-3-14,2166290,3730045,128932753
Mexico,2021-3-15,2167729,3794719,128932753
Mexico,2021-3-16,2169007,,128932753
Mexico,2021-3-17,2175462,4110741,128932753
Mexico,2021-3-18,2182188,4300720,128932753
Mexico,2021-3-19,2187910,,128932753
Mexico,2021-3-20,2193639,4763347,128932753
Mexico,2021-3-21,2195772,4895523,128932753
Mexico,2021-3-22,2197160,5046896,128932753
Mexico,2021-3-23,2203041,,128932753
Mexico,2021-3-24,2208755,5351319,128932753
Mexico,2021-3-25,2214542,5460096,128932753
Mexico,2021-3-26,2219845,5675286,128932753
Mexico,2021-3-27,2224904,5901505,128932753
Mexico,2021-3-28,2226550,,128932753
Mexico,2021-3-29,2227843,6167510,128932753
Mexico,2021-3-30,2232910,,128932753
Mexico,2021-3-31,2238887,6905214,128932753
Mexico,2021-4-1,2244268,,128932753
Mexico,2021-4-2,2247357,7586131,128932753
Mexico,2021-4-3,2249195,7903660,128932753
Mexico,2021-4-4,2250458,7924236,128932753
Mexico,2021-4-5,2251705,8113230,128932753
Mexico,2021-4-6,2256509,8372272,128932753
Mexico,2021-4-7,2261879,8617038,128932753
Mexico,2021-4-8,2267019,9232815,128932753
Mexico,2021-4-9,2272064,9426179,128932753
Mexico,2021-4-10,2278420,9552933,128932753
Mexico,2021-4-11,2280213,9673708,128932753
Mexico,2021-4-12,2281840,9871026,128932753
Mexico,2021-4-13,2286352,10310521,128932753
Mexico,2021-4-14,2291246,10581915,128932753
Mexico,2021-4-15,2295435,10837356,128932753
Mexico,2021-4-16,2299939,11067294,128932753
Mexico,2021-4-17,2304096,11196970,128932753
Mexico,2021-4-18,2305602,11253761,128932753
Mexico,2021-4-19,2306910,11288822,128932753
Mexico,2021-4-20,2311172,11449064,128932753
Mexico,2021-4-21,2315811,11622868,128932753
Mexico,2021-4-22,2319519,11807897,128932753
Mexico,2021-4-23,2323430,11961104,128932753
Mexico,2021-4-24,2326738,12038498,128932753
Mexico,2021-4-25,2328391,12054021,128932753
Mexico,2021-4-26,2329534,12096308,128932753
Mexico,2021-4-27,2333126,,128932753
Mexico,2021-4-28,2336944,12235767,128932753
Mexico,2021-4-29,2340934,12354467,128932753
Mexico,2021-4-30,2344755,12477933,128932753
Mexico,2021-5-1,2347780,12572997,128932753
Mexico,2021-5-2,2348873,12625860,128932753
Mexico,2021-5-3,2349900,12740897,128932753
Mexico,2021-5-4,2352964,12984236,128932753
Mexico,2021-5-5,2355985,13328238,128932753
Mexico,2021-5-6,2358831,13715159,128932753
Mexico,2021-5-7,2361874,14021482,128932753
Mexico,2021-5-8,2364617,14148207,128932753
Mexico,2021-5-9,2365792,14176406,128932753
Mexico,2021-5-10,2366496,,128932753
Mexico,2021-5-11,2368393,14368460,128932753
Mexico,2021-5-12,2371483,14673682,128932753
Mexico,2021-5-13,2375115,14996844,128932753
Mexico,2021-5-14,2377995,,128932753
Mexico,2021-5-15,2380690,,128932753
Mexico,2021-5-16,2381923,15454195,128932753
Mexico,2021-5-17,2382745,15544106,128932753
Mexico,2021-5-18,2385512,,128932753
Mexico,2021-5-19,2387512,16173646,128932753
Mexico,2021-5-20,2390140,16819083,128932753
Mexico,2021-5-21,2392744,17386061,128932753
Mexico,2021-5-22,2395330,17858127,128932753
Mexico,2021-5-23,2396604,18170321,128932753
Mexico,2021-5-24,2397307,18338034,128932753
Mexico,2021-5-25,2399790,18610667,128932753
Mexico,2021-5-26,2402722,19327543,128932753
Mexico,2021-5-27,2405772,,128932753
Mexico,2021-5-28,2408778,20721248,128932753
Mexico,2021-5-29,2411503,21259657,128932753
Mexico,2021-5-30,2412810,21636247,128932753
Mexico,2021-5-31,2413742,21796967,128932753
Mexico,2021-6-1,2420659,22043213,128932753
Mexico,2021-6-2,2423928,22633460,128932753
Mexico,2021-6-3,2426822,23200887,128932753
Mexico,2021-6-4,2429631,23730336,128932753
Mexico,2021-6-5,2431702,24098361,128932753
Mexico,2021-6-6,2433681,24098361,128932753
Mexico,2021-6-7,2434562,24224273,128932753
Mexico,2021-6-8,2438011,24570319,128932753
Mexico,2021-6-9,2441866,25306211,128932753
Mexico,2021-6-10,2445538,25465992,128932753
Mexico,2021-6-11,2448820,25860841,128932753
Mexico,2021-6-12,2452469,26081614,128932753
Mexico,2021-6-13,2454176,26251224,128932753
Mexico,2021-6-14,2455351,26422800,128932753
Mexico,2021-6-15,2459601,26665789,128932753
Mexico,2021-6-16,2463390,26886856,128932753
Mexico,2021-6-17,2467643,27253174,128932753
Mexico,2021-6-18,2471741,27543142,128932753
Mexico,2021-6-19,2471741,27753807,128932753
Mexico,2021-6-20,2477283,27896212,128932753
Mexico,2021-6-21,2478551,28198409,128932753
Mexico,2021-6-22,2482784,28590500,128932753
Mexico,2021-6-23,2487747,29099499,128932753
Mexico,2021-6-24,2493087,29520484,128932753
Mexico,2021-6-25,2498357,29847977,128932753
Mexico,2021-6-26,2503408,30009547,128932753
Mexico,2021-6-27,2505792,30078813,128932753
Mexico,2021-6-28,2507453,30385823,128932753
Mexico,2021-6-29,2513164,30903150,128932753
Mexico,2021-6-30,2519269,31510606,128932753
Mexico,2021-7-1,2525350,31960060,128932753
Mexico,2021-7-2,2531192,32397097,128932753
Mexico,2021-7-3,2537457,,128932753
Mexico,2021-7-4,2540068,32575554,128932753
Mexico,2021-7-5,2541873,33002466,128932753
Mexico,2021-7-6,2549862,33691170,128932753
Mexico,2021-7-7,2558369,34155903,128932753
Mexico,2021-7-8,2567821,34627540,128932753
Mexico,2021-7-9,2577140,35065569,128932753
Mexico,2021-7-10,2586721,35287821,128932753
Mexico,2021-7-11,2590500,35378414,128932753
Mexico,2021-7-12,2593574,35728222,128932753
Mexico,2021-7-13,2604711,36230549,128932753
Mexico,2021-7-14,2616827,36789100,128932753
Mexico,2021-7-15,2629648,37307725,128932753
Mexico,2021-7-16,2642068,37759104,128932753
Mexico,2021-7-17,2654699,38029139,128932753
Mexico,2021-7-18,2659137,38222492,128932753
Mexico,2021-7-19,2664444,38507285,128932753
Mexico,2021-7-20,2678297,39043948,128932753
Mexico,2021-7-21,2693495,39725060,128932753
Mexico,2021-7-22,2709739,40632434,128932753
Mexico,2021-7-23,2709739,41539250,128932753
Mexico,2021-7-24,2741983,42180955,128932753
Mexico,2021-7-25,2748518,42429051,128932753
Mexico,2021-7-26,2754438,43089310,128932753
Mexico,2021-7-27,2771846,,128932753
Mexico,2021-7-28,2790874,44188943,128932753
United States,2020-1-22,1,,331002647
United States,2020-1-23,1,,331002647
United States,2020-1-24,2,,331002647
United States,2020-1-25,2,,331002647
United States,2020-1-26,5,,331002647
United States,2020-1-27,5,,331002647
United States,2020-1-28,5,,331002647
United States,2020-1-29,6,,331002647
United States,2020-1-30,6,,331002647
United States,2020-1-31,8,,331002647
United States,2020-2-1,8,,331002647
United States,2020-2-2,8,,331002647
United States,2020-2-3,11,,331002647
United States,2020-2-4,11,,331002647
United States,2020-2-5,11,,331002647
United States,2020-2-6,12,,331002647
United States,2020-2-7,12,,331002647
United States,2020-2-8,12,,331002647
United States,2020-2-9,12,,331002647
United States,2020-2-10,12,,331002647
United States,2020-2-11,13,,331002647
United States,2020-2-12,13,,331002647
United States,2020-2-13,14,,331002647
United States,2020-2-14,14,,331002647
United States,2020-2-15,14,,331002647
United States,2020-2-16,14,,331002647
United States,2020-2-17,14,,331002647
United States,2020-2-18,14,,331002647
United States,2020-2-19,14,,331002647
United States,2020-2-20,14,,331002647
United States,2020-2-21,16,,331002647
United States,2020-2-22,16,,331002647
United States,2020-2-23,16,,331002647
United States,2020-2-24,16,,331002647
United States,2020-2-25,16,,331002647
United States,2020-2-26,16,,331002647
United States,2020-2-27,17,,331002647
United States,2020-2-28,17,,331002647
United States,2020-2-29,25,,331002647
United States,2020-3-1,32,,331002647
United States,2020-3-2,55,,331002647
United States,2020-3-3,74,,331002647
United States,2020-3-4,107,,331002647
United States,2020-3-5,184,,331002647
United States,2020-3-6,237,,331002647
United States,2020-3-7,403,,331002647
United States,2020-3-8,519,,331002647
United States,2020-3-9,594,,331002647
United States,2020-3-10,782,,331002647
United States,2020-3-11,1147,,331002647
United States,2020-3-12,1586,,331002647
United States,2020-3-13,2219,,331002647
United States,2020-3-14,2978,,331002647
United States,2020-3-15,3212,,331002647
United States,2020-3-16,4679,,331002647
United States,2020-3-17,6512,,331002647
United States,2020-3-18,9169,,331002647
United States,2020-3-19,13663,,331002647
United States,2020-3-20,20030,,331002647
United States,2020-3-21,26025,,331002647
United States,2020-3-22,34898,,331002647
United States,2020-3-23,46136,,331002647
United States,2020-3-24,56755,,331002647
United States,2020-3-25,68837,,331002647
United States,2020-3-26,86693,,331002647
United States,2020-3-27,105383,,331002647
United States,2020-3-28,125013,,331002647
United States,2020-3-29,143912,,331002647
United States,2020-3-30,165987,,331002647
United States,2020-3-31,192301,,331002647
United States,2020-4-1,224587,,331002647
United States,2020-4-2,256809,,331002647
United States,2020-4-3,289116,,331002647
United States,2020-4-4,321502,,331002647
United States,2020-4-5,351397,,331002647
United States,2020-4-6,382787,,331002647
United States,2020-4-7,413566,,331002647
United States,2020-4-8,444801,,331002647
United States,2020-4-9,480743,,331002647
United States,2020-4-10,515146,,331002647
United States,2020-4-11,544229,,331002647
United States,2020-4-12,571485,,331002647
United States,2020-4-13,598424,,331002647
United States,2020-4-14,627242,,331002647
United States,2020-4-15,652650,,331002647
United States,2020-4-16,682652,,331002647
United States,2020-4-17,715718,,331002647
United States,2020-4-18,743625,,331002647
United States,2020-4-19,769687,,331002647
United States,2020-4-20,799507,,331002647
United States,2020-4-21,825433,,331002647
United States,2020-4-22,854344,,331002647
United States,2020-4-23,887956,,331002647
United States,2020-4-24,920283,,331002647
United States,2020-4-25,950663,,331002647
United States,2020-4-26,977151,,331002647
United States,2020-4-27,1000866,,331002647
United States,2020-4-28,1025441,,331002647
United States,2020-4-29,1051900,,331002647
United States,2020-4-30,1081105,,331002647
United States,2020-5-1,1116012,,331002647
United States,2020-5-2,1143360,,331002647
United States,2020-5-3,1167681,,331002647
United States,2020-5-4,1191749,,331002647
United States,2020-5-5,1216277,,331002647
United States,2020-5-6,1240846,,331002647
United States,2020-5-7,1268275,,331002647
United States,2020-5-8,1295105,,331002647
United States,2020-5-9,1320281,,331002647
United States,2020-5-10,1339086,,331002647
United States,2020-5-11,1358384,,331002647
United States,2020-5-12,1381311,,331002647
United States,2020-5-13,1401744,,331002647
United States,2020-5-14,1428561,,331002647
United States,2020-5-15,1453294,,331002647
United States,2020-5-16,1477429,,331002647
United States,2020-5-17,1495817,,331002647
United States,2020-5-18,1518206,,331002647
United States,2020-5-19,1539185,,331002647
United States,2020-5-20,1561910,,331002647
United States,2020-5-21,1587679,,331002647
United States,2020-5-22,1611328,,331002647
United States,2020-5-23,1632427,,331002647
United States,2020-5-24,1652504,,331002647
United States,2020-5-25,1671166,,331002647
United States,2020-5-26,1690829,,331002647
United States,2020-5-27,1709380,,331002647
United States,2020-5-28,1731700,,331002647
United States,2020-5-29,1756178,,331002647
United States,2020-5-30,1779810,,331002647
United States,2020-5-31,1798793,,331002647
United States,2020-6-1,1816207,,331002647
United States,2020-6-2,1837709,,331002647
United States,2020-6-3,1857566,,331002647
United States,2020-6-4,1879224,,331002647
United States,2020-6-5,1904627,,331002647
United States,2020-6-6,1925769,,331002647
United States,2020-6-7,1943697,,331002647
United States,2020-6-8,1961313,,331002647
United States,2020-6-9,1979696,,331002647
United States,2020-6-10,2000807,,331002647
United States,2020-6-11,2023973,,331002647
United States,2020-6-12,2048801,,331002647
United States,2020-6-13,2074013,,331002647
United States,2020-6-14,2092954,,331002647
United States,2020-6-15,2112781,,331002647
United States,2020-6-16,2136448,,331002647
United States,2020-6-17,2163520,,331002647
United States,2020-6-18,2192057,,331002647
United States,2020-6-19,2223601,,331002647
United States,2020-6-20,2255881,,331002647
United States,2020-6-21,2281031,,331002647
United States,2020-6-22,2313175,,331002647
United States,2020-6-23,2350247,,331002647
United States,2020-6-24,2386125,,331002647
United States,2020-6-25,2426451,,331002647
United States,2020-6-26,2472450,,331002647
United States,2020-6-27,2513780,,331002647
United States,2020-6-28,2554514,,331002647
United States,2020-6-29,2595813,,331002647
United States,2020-6-30,2642233,,331002647
United States,2020-7-1,2694053,,331002647
United States,2020-7-2,2750689,,331002647
United States,2020-7-3,2802040,,331002647
United States,2020-7-4,2847733,,331002647
United States,2020-7-5,2898480,,331002647
United States,2020-7-6,2941586,,331002647
United States,2020-7-7,3002247,,331002647
United States,2020-7-8,3062366,,331002647
United States,2020-7-9,3124875,,331002647
United States,2020-7-10,3192932,,331002647
United States,2020-7-11,3252949,,331002647
United States,2020-7-12,3311373,,331002647
United States,2020-7-13,3370303,,331002647
United States,2020-7-14,3438354,,331002647
United States,2020-7-15,3506444,,331002647
United States,2020-7-16,3582310,,331002647
United States,2020-7-17,3654546,,331002647
United States,2020-7-18,3717082,,331002647
United States,2020-7-19,3777538,,331002647
United States,2020-7-20,3839645,,331002647
United States,2020-7-21,3904106,,331002647
United States,2020-7-22,3974685,,331002647
United States,2020-7-23,4043130,,331002647
United States,2020-7-24,4116449,,331002647
United States,2020-7-25,4181402,,331002647
United States,2020-7-26,4236218,,331002647
United States,2020-7-27,4293001,,331002647
United States,2020-7-28,4359413,,331002647
United States,2020-7-29,4431286,,331002647
United States,2020-7-30,4498752,,331002647
United States,2020-7-31,4567464,,331002647
United States,2020-8-1,4623665,,331002647
United States,2020-8-2,4669233,,331002647
United States,2020-8-3,4714734,,331002647
United States,2020-8-4,4773508,,331002647
United States,2020-8-5,4827974,,331002647
United States,2020-8-6,4887323,,331002647
United States,2020-8-7,4946626,,331002647
United States,2020-8-8,5000760,,331002647
United States,2020-8-9,5046529,,331002647
United States,2020-8-10,5094135,,331002647
United States,2020-8-11,5142138,,331002647
United States,2020-8-12,5198178,,331002647
United States,2020-8-13,5249494,,331002647
United States,2020-8-14,5314830,,331002647
United States,2020-8-15,5361781,,331002647
United States,2020-8-16,5400993,,331002647
United States,2020-8-17,5437645,,331002647
United States,2020-8-18,5482678,,331002647
United States,2020-8-19,5529998,,331002647
United States,2020-8-20,5574039,,331002647
United States,2020-8-21,5622882,,331002647
United States,2020-8-22,5665946,,331002647
United States,2020-8-23,5700193,,331002647
United States,2020-8-24,5736675,,331002647
United States,2020-8-25,5777029,,331002647
United States,2020-8-26,5822201,,331002647
United States,2020-8-27,5867594,,331002647
United States,2020-8-28,5914426,,331002647
United States,2020-8-29,5957180,,331002647
United States,2020-8-30,5991584,,331002647
United States,2020-8-31,6026946,,331002647
United States,2020-9-1,6068792,,331002647
United States,2020-9-2,6109810,,331002647
United States,2020-9-3,6154061,,331002647
United States,2020-9-4,6204443,,331002647
United States,2020-9-5,6247601,,331002647
United States,2020-9-6,6278819,,331002647
United States,2020-9-7,6302432,,331002647
United States,2020-9-8,6329658,,331002647
United States,2020-9-9,6363707,,331002647
United States,2020-9-10,6399763,,331002647
United States,2020-9-11,6447532,,331002647
United States,2020-9-12,6488633,,331002647
United States,2020-9-13,6523005,,331002647
United States,2020-9-14,6557428,,331002647
United States,2020-9-15,6596920,,331002647
United States,2020-9-16,6635950,,331002647
United States,2020-9-17,6681080,,331002647
United States,2020-9-18,6730362,,331002647
United States,2020-9-19,6772564,,331002647
United States,2020-9-20,6811011,,331002647
United States,2020-9-21,6862889,,331002647
United States,2020-9-22,6902755,,331002647
United States,2020-9-23,6941824,,331002647
United States,2020-9-24,6988927,,331002647
United States,2020-9-25,7037222,,331002647
United States,2020-9-26,7081895,,331002647
United States,2020-9-27,7119423,,331002647
United States,2020-9-28,7152717,,331002647
United States,2020-9-29,7196055,,331002647
United States,2020-9-30,7235498,,331002647
United States,2020-10-1,7281148,,331002647
United States,2020-10-2,7336098,,331002647
United States,2020-10-3,7384675,,331002647
United States,2020-10-4,7420413,,331002647
United States,2020-10-5,7459789,,331002647
United States,2020-10-6,7505078,,331002647
United States,2020-10-7,7556134,,331002647
United States,2020-10-8,7614733,,331002647
United States,2020-10-9,7671117,,331002647
United States,2020-10-10,7726070,,331002647
United States,2020-10-11,7772051,,331002647
United States,2020-10-12,7813825,,331002647
United States,2020-10-13,7866056,,331002647
United States,2020-10-14,7925834,,331002647
United States,2020-10-15,7990714,,331002647
United States,2020-10-16,8059861,,331002647
United States,2020-10-17,8116620,,331002647
United States,2020-10-18,8165987,,331002647
United States,2020-10-19,8233704,,331002647
United States,2020-10-20,8295660,,331002647
United States,2020-10-21,8358961,,331002647
United States,2020-10-22,8435271,,331002647
United States,2020-10-23,8517204,,331002647
United States,2020-10-24,8599971,,331002647
United States,2020-10-25,8662175,,331002647
United States,2020-10-26,8729485,,331002647
United States,2020-10-27,8806323,,331002647
United States,2020-10-28,8885749,,331002647
United States,2020-10-29,8976768,,331002647
United States,2020-10-30,9076032,,331002647
United States,2020-10-31,9165786,,331002647
United States,2020-11-1,9270686,,331002647
United States,2020-11-2,9355897,,331002647
United States,2020-11-3,9483095,,331002647
United States,2020-11-4,9587636,,331002647
United States,2020-11-5,9717003,,331002647
United States,2020-11-6,9845036,,331002647
United States,2020-11-7,9972546,,331002647
United States,2020-11-8,10087716,,331002647
United States,2020-11-9,10208150,,331002647
United States,2020-11-10,10348654,,331002647
United States,2020-11-11,10495404,,331002647
United States,2020-11-12,10660154,,331002647
United States,2020-11-13,10840552,,331002647
United States,2020-11-14,11008478,,331002647
United States,2020-11-15,11144834,,331002647
United States,2020-11-16,11307458,,331002647
United States,2020-11-17,11471416,,331002647
United States,2020-11-18,11644667,,331002647
United States,2020-11-19,11836177,,331002647
United States,2020-11-20,12034510,,331002647
United States,2020-11-21,12213946,,331002647
United States,2020-11-22,12360893,,331002647
United States,2020-11-23,12534982,,331002647
United States,2020-11-24,12710526,,331002647
United States,2020-11-25,12893929,,331002647
United States,2020-11-26,13006455,,331002647
United States,2020-11-27,13214388,,331002647
United States,2020-11-28,13370049,,331002647
United States,2020-11-29,13510377,,331002647
United States,2020-11-30,13670698,,331002647
United States,2020-12-1,13859037,,331002647
United States,2020-12-2,14061931,,331002647
United States,2020-12-3,14285352,,331002647
United States,2020-12-4,14517996,,331002647
United States,2020-12-5,14733807,,331002647
United States,2020-12-6,14915060,,331002647
United States,2020-12-7,15109469,,331002647
United States,2020-12-8,15333921,,331002647
United States,2020-12-9,15556569,,331002647
United States,2020-12-10,15787997,,331002647
United States,2020-12-11,16028086,,331002647
United States,2020-12-12,16245883,,331002647
United States,2020-12-13,16433854,,331002647
United States,2020-12-14,16628168,,331002647
United States,2020-12-15,16837160,,331002647
United States,2020-12-16,17083804,,331002647
United States,2020-12-17,17323704,,331002647
United States,2020-12-18,17575536,,331002647
United States,2020-12-19,17767638,,331002647
United States,2020-12-20,17955653,556208,331002647
United States,2020-12-21,18154356,614117,331002647
United States,2020-12-22,18352463,,331002647
United States,2020-12-23,18582087,1008025,331002647
United States,2020-12-24,18776242,,331002647
United States,2020-12-25,18874122,,331002647
United States,2020-12-26,19100538,1944585,331002647
United States,2020-12-27,19256383,,331002647
United States,2020-12-28,19430535,2127143,331002647
United States,2020-12-29,19630943,,331002647
United States,2020-12-30,19864644,2794588,331002647
United States,2020-12-31,20100244,,331002647
United States,2021-1-1,20254160,,331002647
United States,2021-1-2,20554622,4225756,331002647
United States,2021-1-3,20763475,,331002647
United States,2021-1-4,20947480,4563260,331002647
United States,2021-1-5,21182522,4836469,331002647
United States,2021-1-6,21438159,5306797,331002647
United States,2021-1-7,21716496,5919418,331002647
United States,2021-1-8,22011753,6688231,331002647
United States,2021-1-9,22272720,,331002647
United States,2021-1-10,22486135,,331002647
United States,2021-1-11,22700799,8987322,331002647
United States,2021-1-12,22927766,9327138,331002647
United States,2021-1-13,23158067,,331002647
United States,2021-1-14,23393833,9690757,331002647
United States,2021-1-15,23636613,10595866,331002647
United States,2021-1-16,23838471,,331002647
United States,2021-1-17,24016402,,331002647
United States,2021-1-18,24160000,,331002647
United States,2021-1-19,24336216,13595803,331002647
United States,2021-1-20,24519477,14270441,331002647
United States,2021-1-21,24713333,15053257,331002647
United States,2021-1-22,24904093,16243093,331002647
United States,2021-1-23,25074852,17390345,331002647
United States,2021-1-24,25206050,18502131,331002647
United States,2021-1-25,25357727,19252279,331002647
United States,2021-1-26,25505353,19902237,331002647
United States,2021-1-27,25659314,20687970,331002647
United States,2021-1-28,25828118,21698606,331002647
United States,2021-1-29,25994731,22858318,331002647
United States,2021-1-30,26137190,24064165,331002647
United States,2021-1-31,26249342,25201143,331002647
United States,2021-2-1,26384317,26023153,331002647
United States,2021-2-2,26499620,26440836,331002647
United States,2021-2-3,26621311,27154956,331002647
United States,2021-2-4,26745317,27905197,331002647
United States,2021-2-5,26879739,28909497,331002647
United States,2021-2-6,26983915,30250964,331002647
United States,2021-2-7,27073661,31579100,331002647
United States,2021-2-8,27164099,32340146,331002647
United States,2021-2-9,27259364,32867213,331002647
United States,2021-2-10,27354614,33783384,331002647
United States,2021-2-11,27460378,34723964,331002647
United States,2021-2-12,27560048,35834855,331002647
United States,2021-2-13,27647267,37056122,331002647
United States,2021-2-14,27712402,38292270,331002647
United States,2021-2-15,27766681,,331002647
United States,2021-2-16,27829179,39670551,331002647
United States,2021-2-17,27899318,40268009,331002647
United States,2021-2-18,27969229,41021049,331002647
United States,2021-2-19,28048511,41977401,331002647
United States,2021-2-20,28120207,42809595,331002647
United States,2021-2-21,28177359,43628092,331002647
United States,2021-2-22,28233518,44138118,331002647
United States,2021-2-23,28305788,44544969,331002647
United States,2021-2-24,28380537,45237143,331002647
United States,2021-2-25,28458041,46074392,331002647
United States,2021-2-26,28535390,47184199,331002647
United States,2021-2-27,28600016,48435536,331002647
United States,2021-2-28,28651438,49772180,331002647
United States,2021-3-1,28709536,50732997,331002647
United States,2021-3-2,28766634,51755447,331002647
United States,2021-3-3,28833825,52855579,331002647
United States,2021-3-4,28901885,54035670,331002647
United States,2021-3-5,28968304,55547697,331002647
United States,2021-3-6,29026558,57358849,331002647
United States,2021-3-7,29067631,58873710,331002647
United States,2021-3-8,29112548,60005231,331002647
United States,2021-3-9,29170215,61088527,331002647
United States,2021-3-10,29228110,62451150,331002647
United States,2021-3-11,29290581,64071674,331002647
United States,2021-3-12,29352094,65965305,331002647
United States,2021-3-13,29405125,68884011,331002647
United States,2021-3-14,29443403,69784210,331002647
United States,2021-3-15,29499944,71054445,331002647
United States,2021-3-16,29553952,72135616,331002647
United States,2021-3-17,29613232,73669956,331002647
United States,2021-3-18,29673607,75495716,331002647
United States,2021-3-19,29735258,77230061,331002647
United States,2021-3-20,29790777,79367225,331002647
United States,2021-3-21,29824599,81415769,331002647
United States,2021-3-22,29876035,82772416,331002647
United States,2021-3-23,29929723,83930495,331002647
United States,2021-3-24,30016661,85472166,331002647
United States,2021-3-25,30084207,87343622,331002647
United States,2021-3-26,30161584,89559225,331002647
United States,2021-3-27,30224426,91707729,331002647
United States,2021-3-28,30267649,93631163,331002647
United States,2021-3-29,30336922,95015762,331002647
United States,2021-3-30,30398351,96044046,331002647
United States,2021-3-31,30465116,97593290,331002647
United States,2021-4-1,30544235,99565311,331002647
United States,2021-4-2,30614122,101804762,331002647
United States,2021-4-3,30677383,104213478,331002647
United States,2021-4-4,30712516,106214924,331002647
United States,2021-4-5,30789920,107515428,331002647
United States,2021-4-6,30850594,108301234,331002647
United States,2021-4-7,30925615,109995734,331002647
United States,2021-4-8,31005509,112046611,331002647
United States,2021-4-9,31088219,114436039,331002647
United States,2021-4-10,31154906,117142879,331002647
United States,2021-4-11,31201415,119242902,331002647
United States,2021-4-12,31271490,120848490,331002647
United States,2021-4-13,31349456,122295530,331002647
United States,2021-4-14,31424859,123917385,331002647
United States,2021-4-15,31499167,125822868,331002647
United States,2021-4-16,31579238,127743096,331002647
United States,2021-4-17,31631770,129494179,331002647
United States,2021-4-18,31673891,131247546,331002647
United States,2021-4-19,31741996,132321628,331002647
United States,2021-4-20,31802945,133266995,331002647
United States,2021-4-21,31865800,134445595,331002647
United States,2021-4-22,31933078,135791031,331002647
United States,2021-4-23,31995489,137234889,331002647
United States,2021-4-24,32048984,138644724,331002647
United States,2021-4-25,32081137,139978480,331002647
United States,2021-4-26,32128705,140969663,331002647
United States,2021-4-27,32179541,141751857,331002647
United States,2021-4-28,32234691,142692987,331002647
United States,2021-4-29,32292942,143793565,331002647
United States,2021-4-30,32350861,144894586,331002647
United States,2021-5-1,32396252,146239208,331002647
United States,2021-5-2,32425655,147047012,331002647
United States,2021-5-3,32476146,147517734,331002647
United States,2021-5-4,32516869,147894671,331002647
United States,2021-5-5,32561573,148562891,331002647
United States,2021-5-6,32609130,149462265,331002647
United States,2021-5-7,32657260,150416559,331002647
United States,2021-5-8,32690935,151315505,331002647
United States,2021-5-9,32712362,152116936,331002647
United States,2021-5-10,32749160,152819904,331002647
United States,2021-5-11,32782822,153448316,331002647
United States,2021-5-12,32818648,153986312,331002647
United States,2021-5-13,32856724,154624231,331002647
United States,2021-5-14,32898984,155251852,331002647
United States,2021-5-15,32927841,156217367,331002647
United States,2021-5-16,32944716,157132234,331002647
United States,2021-5-17,32973337,157827208,331002647
United States,2021-5-18,33001126,158365411,331002647
United States,2021-5-19,33030427,159174963,331002647
United States,2021-5-20,33060633,160177820,331002647
United States,2021-5-21,33088579,161278336,331002647
United States,2021-5-22,33108377,162470794,331002647
United States,2021-5-23,33121245,163309414,331002647
United States,2021-5-24,33147060,163907827,331002647
United States,2021-5-25,33169799,164378258,331002647
United States,2021-5-26,33193775,165074907,331002647
United States,2021-5-27,33221223,165718717,331002647
United States,2021-5-28,33243082,166388129,331002647
United States,2021-5-29,33255083,167157043,331002647
United States,2021-5-30,33261817,167733972,331002647
United States,2021-5-31,33267592,,331002647
United States,2021-6-1,33290532,168489729,331002647
United States,2021-6-2,33307449,168734435,331002647
United States,2021-6-3,33326529,169090262,331002647
United States,2021-6-4,33343379,169735441,331002647
United States,2021-6-5,33357285,170272150,331002647
United States,2021-6-6,33362680,170833221,331002647
United States,2021-6-7,33378176,171310738,331002647
United States,2021-6-8,33391189,171731584,331002647
United States,2021-6-9,33409836,172054276,331002647
United States,2021-6-10,33424381,172423605,331002647
United States,2021-6-11,33449080,172758350,331002647
United States,2021-6-12,33457308,173391711,331002647
United States,2021-6-13,33462085,173840483,331002647
United States,2021-6-14,33474815,174234573,331002647
United States,2021-6-15,33486120,174674144,331002647
United States,2021-6-16,33498545,175053401,331002647
United States,2021-6-17,33508938,175867860,331002647
United States,2021-6-18,33529529,176290249,331002647
United States,2021-6-19,33538049,176737141,331002647
United States,2021-6-20,33541941,177088290,331002647
United States,2021-6-21,33554275,177342954,331002647
United States,2021-6-22,33565215,177635067,331002647
United States,2021-6-23,33577651,177948892,331002647
United States,2021-6-24,33590481,178331677,331002647
United States,2021-6-25,33614196,178491147,331002647
United States,2021-6-26,33621499,178873816,331002647
United States,2021-6-27,33625419,179261269,331002647
United States,2021-6-28,33640502,179615165,331002647
United States,2021-6-29,33651852,179940202,331002647
United States,2021-6-30,33664970,180674739,331002647
United States,2021-7-1,33679433,181339416,331002647
United States,2021-7-2,33709325,181650678,331002647
United States,2021-7-3,33714064,182109860,331002647
United States,2021-7-4,33717761,182412776,331002647
United States,2021-7-5,33723289,,331002647
United States,2021-7-6,33747513,182714064,331002647
United States,2021-7-7,33770444,182896080,331002647
United States,2021-7-8,33790505,183237046,331002647
United States,2021-7-9,33838746,183542871,331002647
United States,2021-7-10,33847784,183836917,331002647
United States,2021-7-11,33853948,184132768,331002647
United States,2021-7-12,33888961,184365333,331002647
United States,2021-7-13,33915385,184543821,331002647
United States,2021-7-14,33947230,184835149,331002647
United States,2021-7-15,33975642,185135757,331002647
United States,2021-7-16,34054952,185424899,331002647
United States,2021-7-17,34067912,185765452,331002647
United States,2021-7-18,34079960,186038501,331002647
United States,2021-7-19,34132071,186317651,331002647
United States,2021-7-20,34174774,186474836,331002647
United States,2021-7-21,34226806,186819440,331002647
United States,2021-7-22,34281883,187216168,331002647
United States,2021-7-23,34400680,187579557,331002647
United States,2021-7-24,34428075,187982826,331002647
United States,2021-7-25,34444083,188472188,331002647
United States,2021-7-26,34533179,188729282,331002647
United States,2021-7-27,34603919,188996475,331002647
United States,2021-7-28,34672690,189494180,331002647
World,2020-1-22,557,,7794798729
World,2020-1-23,655,,7794798729
World,2020-1-24,941,,7794798729
World,2020-1-25,1433,,7794798729
World,2020-1-26,2118,,7794798729
World,2020-1-27,2927,,7794798729
World,2020-1-28,5578,,7794798729
World,2020-1-29,6167,,7794798729
World,2020-1-30,8235,,7794798729
World,2020-1-31,9927,,7794798729
World,2020-2-1,12038,,7794798729
World,2020-2-2,16787,,7794798729
World,2020-2-3,19887,,7794798729
World,2020-2-4,23898,,7794798729
World,2020-2-5,27643,,7794798729
World,2020-2-6,30803,,7794798729
World,2020-2-7,34396,,7794798729
World,2020-2-8,37130,,7794798729
World,2020-2-9,40160,,7794798729
World,2020-2-10,42769,,7794798729
World,2020-2-11,44811,,7794798729
World,2020-2-12,45229,,7794798729
World,2020-2-13,60382,,7794798729
World,2020-2-14,66909,,7794798729
World,2020-2-15,69052,,7794798729
World,2020-2-16,71235,,7794798729
World,2020-2-17,73270,,7794798729
World,2020-2-18,75152,,7794798729
World,2020-2-19,75652,,7794798729
World,2020-2-20,76212,,7794798729
World,2020-2-21,76841,,7794798729
World,2020-2-22,78602,,7794798729
World,2020-2-23,78982,,7794798729
World,2020-2-24,79546,,7794798729
World,2020-2-25,80400,,7794798729
World,2020-2-26,81377,,7794798729
World,2020-2-27,82737,,7794798729
World,2020-2-28,84123,,7794798729
World,2020-2-29,86014,,7794798729
World,2020-3-1,88396,,7794798729
World,2020-3-2,90382,,7794798729
World,2020-3-3,92978,,7794798729
World,2020-3-4,95288,,7794798729
World,2020-3-5,98099,,7794798729
World,2020-3-6,102014,,7794798729
World,2020-3-7,106108,,7794798729
World,2020-3-8,110057,,7794798729
World,2020-3-9,114230,,7794798729
World,2020-3-10,119054,,7794798729
World,2020-3-11,126721,,7794798729
World,2020-3-12,132516,,7794798729
World,2020-3-13,146896,,7794798729
World,2020-3-14,157988,,7794798729
World,2020-3-15,169263,,7794798729
World,2020-3-16,184062,,7794798729
World,2020-3-17,200024,,7794798729
World,2020-3-18,219610,,7794798729
World,2020-3-19,246705,,7794798729
World,2020-3-20,277591,,7794798729
World,2020-3-21,309726,,7794798729
World,2020-3-22,344781,,7794798729
World,2020-3-23,387552,,7794798729
World,2020-3-24,428614,,7794798729
World,2020-3-25,479652,,7794798729
World,2020-3-26,542605,,7794798729
World,2020-3-27,607705,,7794798729
World,2020-3-28,674927,,7794798729
World,2020-3-29,734390,,7794798729
World,2020-3-30,799672,,7794798729
World,2020-3-31,876513,,7794798729
World,2020-4-1,959596,,7794798729
World,2020-4-2,1042614,,7794798729
World,2020-4-3,1126372,,7794798729
World,2020-4-4,1185537,,7794798729
World,2020-4-5,1256938,,7794798729
World,2020-4-6,1330329,,7794798729
World,2020-4-7,1400198,,7794798729
World,2020-4-8,1483591,,7794798729
World,2020-4-9,1570478,,7794798729
World,2020-4-10,1655871,,7794798729
World,2020-4-11,1730185,,7794798729
World,2020-4-12,1850116,,7794798729
World,2020-4-13,1921110,,7794798729
World,2020-4-14,2005385,,7794798729
World,2020-4-15,2082987,,7794798729
World,2020-4-16,2178472,,7794798729
World,2020-4-17,2266586,,7794798729
World,2020-4-18,2343741,,7794798729
World,2020-4-19,2420703,,7794798729
World,2020-4-20,2496253,,7794798729
World,2020-4-21,2572010,,7794798729
World,2020-4-22,2653355,,7794798729
World,2020-4-23,2737679,,7794798729
World,2020-4-24,2821852,,7794798729
World,2020-4-25,2904206,,7794798729
World,2020-4-26,2975551,,7794798729
World,2020-4-27,3045791,,7794798729
World,2020-4-28,3121471,,7794798729
World,2020-4-29,3198651,,7794798729
World,2020-4-30,3282194,,7794798729
World,2020-5-1,3370498,,7794798729
World,2020-5-2,3449587,,7794798729
World,2020-5-3,3524566,,7794798729
World,2020-5-4,3602345,,7794798729
World,2020-5-5,3682943,,7794798729
World,2020-5-6,3773104,,7794798729
World,2020-5-7,3861764,,7794798729
World,2020-5-8,3951900,,7794798729
World,2020-5-9,4037079,,7794798729
World,2020-5-10,4111911,,7794798729
World,2020-5-11,4188546,,7794798729
World,2020-5-12,4273058,,7794798729
World,2020-5-13,4358138,,7794798729
World,2020-5-14,4454276,,7794798729
World,2020-5-15,4550079,,7794798729
World,2020-5-16,4644427,,7794798729
World,2020-5-17,4722469,,7794798729
World,2020-5-18,4811597,,7794798729
World,2020-5-19,4908412,,7794798729
World,2020-5-20,5010541,,7794798729
World,2020-5-21,5117183,,7794798729
World,2020-5-22,5223556,,7794798729
World,2020-5-23,5328153,,7794798729
World,2020-5-24,5422345,,7794798729
World,2020-5-25,5508986,,7794798729
World,2020-5-26,5602800,,7794798729
World,2020-5-27,5705543,,7794798729
World,2020-5-28,5824676,,7794798729
World,2020-5-29,5945486,,7794798729
World,2020-5-30,6081979,,7794798729
World,2020-5-31,6188268,,7794798729
World,2020-6-1,6284274,,7794798729
World,2020-6-2,6406227,,7794798729
World,2020-6-3,6520464,,7794798729
World,2020-6-4,6651424,,7794798729
World,2020-6-5,6782638,,7794798729
World,2020-6-6,6916377,,7794798729
World,2020-6-7,7028716,,7794798729
World,2020-6-8,7131112,,7794798729
World,2020-6-9,7256198,,7794798729
World,2020-6-10,7391320,,7794798729
World,2020-6-11,7529383,,7794798729
World,2020-6-12,7658104,,7794798729
World,2020-6-13,7793360,,7794798729
World,2020-6-14,7925603,,7794798729
World,2020-6-15,8045279,,7794798729
World,2020-6-16,8187402,,7794798729
World,2020-6-17,8331160,,7794798729
World,2020-6-18,8472249,,7794798729
World,2020-6-19,8652112,,7794798729
World,2020-6-20,8809541,,7794798729
World,2020-6-21,8937234,,7794798729
World,2020-6-22,9076603,,7794798729
World,2020-6-23,9243454,,7794798729
World,2020-6-24,9416086,,7794798729
World,2020-6-25,9594424,,7794798729
World,2020-6-26,9786111,,7794798729
World,2020-6-27,9964315,,7794798729
World,2020-6-28,10128248,,7794798729
World,2020-6-29,10283358,,7794798729
World,2020-6-30,10457920,,7794798729
World,2020-7-1,10675535,,7794798729
World,2020-7-2,10885488,,7794798729
World,2020-7-3,11086864,,7794798729
World,2020-7-4,11280675,,7794798729
World,2020-7-5,11464635,,7794798729
World,2020-7-6,11628625,,7794798729
World,2020-7-7,11840041,,7794798729
World,2020-7-8,12054218,,7794798729
World,2020-7-9,12281057,,7794798729
World,2020-7-10,12513740,,7794798729
World,2020-7-11,12730217,,7794798729
World,2020-7-12,12922436,,7794798729
World,2020-7-13,13113951,,7794798729
World,2020-7-14,13336175,,7794798729
World,2020-7-15,13567631,,7794798729
World,2020-7-16,13818985,,7794798729
World,2020-7-17,14061757,,7794798729
World,2020-7-18,14297966,,7794798729
World,2020-7-19,14511342,,7794798729
World,2020-7-20,14718456,,7794798729
World,2020-7-21,14952048,,7794798729
World,2020-7-22,15231963,,7794798729
World,2020-7-23,15514872,,7794798729
World,2020-7-24,15795939,,7794798729
World,2020-7-25,16050022,,7794798729
World,2020-7-26,16263077,,7794798729
World,2020-7-27,16489483,,7794798729
World,2020-7-28,16742184,,7794798729
World,2020-7-29,17033933,,7794798729
World,2020-7-30,17314137,,7794798729
World,2020-7-31,17604827,,7794798729
World,2020-8-1,17853166,,7794798729
World,2020-8-2,18084132,,7794798729
World,2020-8-3,18290600,,7794798729
World,2020-8-4,18548542,,7794798729
World,2020-8-5,18825096,,7794798729
World,2020-8-6,19110249,,7794798729
World,2020-8-7,19392514,,7794798729
World,2020-8-8,19651035,,7794798729
World,2020-8-9,19875726,,7794798729
World,2020-8-10,20101681,,7794798729
World,2020-8-11,20359262,,7794798729
World,2020-8-12,20635896,,7794798729
World,2020-8-13,20925108,,7794798729
World,2020-8-14,21228839,,7794798729
World,2020-8-15,21476563,,7794798729
World,2020-8-16,21691030,,7794798729
World,2020-8-17,21898736,,7794798729
World,2020-8-18,22157023,,7794798729
World,2020-8-19,22436583,,7794798729
World,2020-8-20,22709157,,7794798729
World,2020-8-21,22970389,,7794798729
World,2020-8-22,23234627,,7794798729
World,2020-8-23,23440793,,7794798729
World,2020-8-24,23665997,,7794798729
World,2020-8-25,23910028,,7794798729
World,2020-8-26,24193811,,7794798729
World,2020-8-27,24477730,,7794798729
World,2020-8-28,24761382,,7794798729
World,2020-8-29,25025230,,7794798729
World,2020-8-30,25246216,,7794798729
World,2020-8-31,25509071,,7794798729
World,2020-9-1,25774010,,7794798729
World,2020-9-2,26057570,,7794798729
World,2020-9-3,26339070,,7794798729
World,2020-9-4,26653076,,7794798729
World,2020-9-5,26923157,,7794798729
World,2020-9-6,27153660,,7794798729
World,2020-9-7,27371563,,7794798729
World,2020-9-8,27613624,,7794798729
World,2020-9-9,27898510,,7794798729
World,2020-9-10,28198441,,7794798729
World,2020-9-11,28519889,,7794798729
World,2020-9-12,28806557,,7794798729
World,2020-9-13,29049334,,7794798729
World,2020-9-14,29313082,,7794798729
World,2020-9-15,29598558,,7794798729
World,2020-9-16,29903105,,7794798729
World,2020-9-17,30217836,,7794798729
World,2020-9-18,30543945,,7794798729
World,2020-9-19,30836177,,7794798729
World,2020-9-20,31088364,,7794798729
World,2020-9-21,31364248,,7794798729
World,2020-9-22,31648799,,7794798729
World,2020-9-23,31925115,,7794798729
World,2020-9-24,32278288,,7794798729
World,2020-9-25,32609277,,7794798729
World,2020-9-26,32897955,,7794798729
World,2020-9-27,33149320,,7794798729
World,2020-9-28,33404318,,7794798729
World,2020-9-29,33687035,,7794798729
World,2020-9-30,34013433,,7794798729
World,2020-10-1,34331757,,7794798729
World,2020-10-2,34629728,,7794798729
World,2020-10-3,34961862,,7794798729
World,2020-10-4,35223252,,7794798729
World,2020-10-5,35523856,,7794798729
World,2020-10-6,35850045,,7794798729
World,2020-10-7,36201112,,7794798729
World,2020-10-8,36562464,,7794798729
World,2020-10-9,36923402,,7794798729
World,2020-10-10,37280351,,7794798729
World,2020-10-11,37567441,,7794798729
World,2020-10-12,37859092,,7794798729
World,2020-10-13,38178468,,7794798729
World,2020-10-14,38560709,,7794798729
World,2020-10-15,38967863,,7794798729
World,2020-10-16,39379714,,7794798729
World,2020-10-17,39753449,,7794798729
World,2020-10-18,40068640,,7794798729
World,2020-10-19,40455623,,7794798729
World,2020-10-20,40844861,,7794798729
World,2020-10-21,41289678,,7794798729
World,2020-10-22,41762306,,7794798729
World,2020-10-23,42259219,,7794798729
World,2020-10-24,42715870,,7794798729
World,2020-10-25,43076533,,7794798729
World,2020-10-26,43563032,,7794798729
World,2020-10-27,44033267,,7794798729
World,2020-10-28,44545223,,7794798729
World,2020-10-29,45095639,,7794798729
World,2020-10-30,45666563,,7794798729
World,2020-10-31,46143306,,7794798729
World,2020-11-1,46605801,,7794798729
World,2020-11-2,47168690,,7794798729
World,2020-11-3,47722710,,7794798729
World,2020-11-4,48234330,,7794798729
World,2020-11-5,48831034,,7794798729
World,2020-11-6,49475979,,7794798729
World,2020-11-7,50072935,,7794798729
World,2020-11-8,50556913,,7794798729
World,2020-11-9,51058344,,7794798729
World,2020-11-10,51617872,,7794798729
World,2020-11-11,52266614,,7794798729
World,2020-11-12,52916035,,7794798729
World,2020-11-13,53568191,,7794798729
World,2020-11-14,54163117,,7794798729
World,2020-11-15,54637092,,7794798729
World,2020-11-16,55171035,,7794798729
World,2020-11-17,55782435,,7794798729
World,2020-11-18,56409637,,7794798729
World,2020-11-19,57063285,,7794798729
World,2020-11-20,57731953,,7794798729
World,2020-11-21,58319606,,7794798729
World,2020-11-22,58807803,,7794798729
World,2020-11-23,59332675,,7794798729
World,2020-11-24,59923073,,7794798729
World,2020-11-25,60559696,,7794798729
World,2020-11-26,61142246,,7794798729
World,2020-11-27,61829143,,7794798729
World,2020-11-28,62415253,,7794798729
World,2020-11-29,62903917,,7794798729
World,2020-11-30,63412242,,7794798729
World,2020-12-1,64024799,,7794798729
World,2020-12-2,64676565,0,7794798729
World,2020-12-3,65370734,0,7794798729
World,2020-12-4,66054290,1,7794798729
World,2020-12-5,66696334,1,7794798729
World,2020-12-6,67235174,1,7794798729
World,2020-12-7,67754793,1,7794798729
World,2020-12-8,68398376,1,7794798729
World,2020-12-9,69068414,1,7794798729
World,2020-12-10,70566458,1,7794798729
World,2020-12-11,71271265,1,7794798729
World,2020-12-12,71906421,1,7794798729
World,2020-12-13,72437295,86466,7794798729
World,2020-12-14,72962443,86471,7794798729
World,2020-12-15,73598682,115689,7794798729
World,2020-12-16,74332573,117990,7794798729
World,2020-12-17,75072791,122175,7794798729
World,2020-12-18,75793461,126157,7794798729
World,2020-12-19,76404928,126938,7794798729
World,2020-12-20,76938416,1280187,7794798729
World,2020-12-21,77487366,1371115,7794798729
World,2020-12-22,78137694,1444983,7794798729
World,2020-12-23,78832798,1949589,7794798729
World,2020-12-24,79499437,2048009,7794798729
World,2020-12-25,79967519,2091711,7794798729
World,2020-12-26,80482336,3068457,7794798729
World,2020-12-27,80916364,3569485,7794798729
World,2020-12-28,81412249,3938918,7794798729
World,2020-12-29,82077309,4209809,7794798729
World,2020-12-30,82838847,5203978,7794798729
World,2020-12-31,83583537,5482353,7794798729
World,2021-1-1,84138651,5601487,7794798729
World,2021-1-2,84728455,7960112,7794798729
World,2021-1-3,85255860,8579457,7794798729
World,2021-1-4,85809710,9386645,7794798729
World,2021-1-5,86549841,10128193,7794798729
World,2021-1-6,87333632,11002940,7794798729
World,2021-1-7,88215213,12160238,7794798729
World,2021-1-8,89018252,13440787,7794798729
World,2021-1-9,89778399,13728965,7794798729
World,2021-1-10,90367145,15742692,7794798729
World,2021-1-11,90986669,18705187,7794798729
World,2021-1-12,91692474,19790381,7794798729
World,2021-1-13,92440744,21019773,7794798729
World,2021-1-14,93195846,22484914,7794798729
World,2021-1-15,93963046,24446902,7794798729
World,2021-1-16,94602069,25281943,7794798729
World,2021-1-17,95131199,25854578,7794798729
World,2021-1-18,95646151,27009450,7794798729
World,2021-1-19,96254218,31221863,7794798729
World,2021-1-20,96947251,33305224,7794798729
World,2021-1-21,97603784,35558907,7794798729
World,2021-1-22,98262755,38495311,7794798729
World,2021-1-23,98830670,40950393,7794798729
World,2021-1-24,99276168,42882348,7794798729
World,2021-1-25,99773231,44999986,7794798729
World,2021-1-26,100329740,46765494,7794798729
World,2021-1-27,100928062,49284347,7794798729
World,2021-1-28,101542426,52202067,7794798729
World,2021-1-29,102132900,55058857,7794798729
World,2021-1-30,102648243,57728961,7794798729
World,2021-1-31,103029692,59853554,7794798729
World,2021-2-1,103476325,61806533,7794798729
World,2021-2-2,103934366,63526644,7794798729
World,2021-2-3,104456426,65913551,7794798729
World,2021-2-4,104923351,68974897,7794798729
World,2021-2-5,105458922,71876823,7794798729
World,2021-2-6,105831078,74772049,7794798729
World,2021-2-7,106229010,77017808,7794798729
World,2021-2-8,106544950,79171949,7794798729
World,2021-2-9,106972759,81546039,7794798729
World,2021-2-10,107408746,84775467,7794798729
World,2021-2-11,107850109,87968901,7794798729
World,2021-2-12,108278867,94253611,7794798729
World,2021-2-13,108652049,97381726,7794798729
World,2021-2-14,108945826,99800079,7794798729
World,2021-2-15,109229028,101878507,7794798729
World,2021-2-16,109580005,105622356,7794798729
World,2021-2-17,109975563,108746753,7794798729
World,2021-2-18,110379026,112499482,7794798729
World,2021-2-19,110791508,118159874,7794798729
World,2021-2-20,111162083,121057561,7794798729
World,2021-2-21,111476751,123077495,7794798729
World,2021-2-22,111764959,125429119,7794798729
World,2021-2-23,112153911,130864048,7794798729
World,2021-2-24,112598913,134540707,7794798729
World,2021-2-25,113046348,138287783,7794798729
World,2021-2-26,113489445,142209895,7794798729
World,2021-2-27,113878576,145519099,7794798729
World,2021-2-28,114181988,148502686,7794798729
World,2021-3-1,114487693,151910283,7794798729
World,2021-3-2,114798194,159491512,7794798729
World,2021-3-3,115239290,164405599,7794798729
World,2021-3-4,115692500,170133627,7794798729
World,2021-3-5,116139428,175902756,7794798729
World,2021-3-6,116550006,180960447,7794798729
World,2021-3-7,116918288,184732254,7794798729
World,2021-3-8,117216926,189814853,7794798729
World,2021-3-9,117631762,194819325,7794798729
World,2021-3-10,118098742,200976267,7794798729
World,2021-3-11,118575653,206204765,7794798729
World,2021-3-12,119065030,213053910,7794798729
World,2021-3-13,119519130,220627833,7794798729
World,2021-3-14,119879505,223812222,7794798729
World,2021-3-15,120228260,230699536,7794798729
World,2021-3-16,120701484,236100602,7794798729
World,2021-3-17,121240939,242724942,7794798729
World,2021-3-18,121794559,249532523,7794798729
World,2021-3-19,122356302,258070455,7794798729
World,2021-3-20,122855173,265660054,7794798729
World,2021-3-21,123278559,269711284,7794798729
World,2021-3-22,123695219,277311948,7794798729
World,2021-3-23,124209658,284718037,7794798729
World,2021-3-24,124843464,292600008,7794798729
World,2021-3-25,125494957,300104570,7794798729
World,2021-3-26,126136423,308906637,7794798729
World,2021-3-27,126721079,315988980,7794798729
World,2021-3-28,127191070,320463416,7794798729
World,2021-3-29,127649370,327177622,7794798729
World,2021-3-30,128217956,333252803,7794798729
World,2021-3-31,128901287,343436302,7794798729
World,2021-4-1,129613163,352380174,7794798729
World,2021-4-2,130246932,362653238,7794798729
World,2021-4-3,130776577,370436478,7794798729
World,2021-4-4,131329523,377450263,7794798729
World,2021-4-5,131818799,385294536,7794798729
World,2021-4-6,132423157,394448296,7794798729
World,2021-4-7,133107858,404754535,7794798729
World,2021-4-8,133947835,417018079,7794798729
World,2021-4-9,134696076,427496198,7794798729
World,2021-4-10,135360613,437846507,7794798729
World,2021-4-11,136051443,445509897,7794798729
World,2021-4-12,136667736,455060230,7794798729
World,2021-4-13,137447434,465893115,7794798729
World,2021-4-14,138264445,476162046,7794798729
World,2021-4-15,139081394,485008804,7794798729
World,2021-4-16,139936258,493409342,7794798729
World,2021-4-17,140724214,500252064,7794798729
World,2021-4-18,141409493,507305584,7794798729
World,2021-4-19,142103183,514984667,7794798729
World,2021-4-20,142957372,521632514,7794798729
World,2021-4-21,143847328,529617352,7794798729
World,2021-4-22,144746950,538240536,7794798729
World,2021-4-23,145650584,546040175,7794798729
World,2021-4-24,146471749,550783774,7794798729
World,2021-4-25,147194070,560032622,7794798729
World,2021-4-26,147876811,566942295,7794798729
World,2021-4-27,148721445,574340559,7794798729
World,2021-4-28,149627438,584522064,7794798729
World,2021-4-29,150525165,593365335,7794798729
World,2021-4-30,151404308,600909094,7794798729
World,2021-5-1,152200894,606073532,7794798729
World,2021-5-2,152875049,610358801,7794798729
World,2021-5-3,153556622,615315816,7794798729
World,2021-5-4,154364156,622445413,7794798729
World,2021-5-5,155205328,630307028,7794798729
World,2021-5-6,156075476,638595148,7794798729
World,2021-5-7,156907963,647044019,7794798729
World,2021-5-8,157693547,652161199,7794798729
World,2021-5-9,158334872,657472626,7794798729
World,2021-5-10,158956710,665495183,7794798729
World,2021-5-11,159695368,674799344,7794798729
World,2021-5-12,160455528,683401113,7794798729
World,2021-5-13,161180899,691086396,7794798729
World,2021-5-14,161898873,698446094,7794798729
World,2021-5-15,162526795,704854186,7794798729
World,2021-5-16,163075230,711016312,7794798729
World,2021-5-17,163615284,718455189,7794798729
World,2021-5-18,164237839,726894664,7794798729
World,2021-5-19,164909681,735077217,7794798729
World,2021-5-20,165189643,745416086,7794798729
World,2021-5-21,165815461,753262231,7794798729
World,2021-5-22,166393650,761981757,7794798729
World,2021-5-23,166870060,768204876,7794798729
World,2021-5-24,167324549,779909730,7794798729
World,2021-5-25,167856783,792630771,7794798729
World,2021-5-26,168425525,802844249,7794798729
World,2021-5-27,168980229,812695884,7794798729
World,2021-5-28,169480496,822543302,7794798729
World,2021-5-29,169961717,832489361,7794798729
World,2021-5-30,170353101,840072756,7794798729
World,2021-5-31,170731978,848077117,7794798729
World,2021-6-1,171195775,859465825,7794798729
World,2021-6-2,171681500,870703972,7794798729
World,2021-6-3,172170725,881995164,7794798729
World,2021-6-4,172590480,894767680,7794798729
World,2021-6-5,172988733,903283127,7794798729
World,2021-6-6,173311406,911745264,7794798729
World,2021-6-7,173632681,921547167,7794798729
World,2021-6-8,173999551,934138457,7794798729
World,2021-6-9,174419028,949746289,7794798729
World,2021-6-10,174868561,1583560617,7794798729
World,2021-6-11,175289801,1595497931,7794798729
World,2021-6-12,175661655,1605239772,7794798729
World,2021-6-13,175964568,1616212204,7794798729
World,2021-6-14,176273054,1626832461,7794798729
World,2021-6-15,176644649,1639609983,7794798729
World,2021-6-16,177043180,1652072205,7794798729
World,2021-6-17,177435675,1668344590,7794798729
World,2021-6-18,177841653,1680617387,7794798729
World,2021-6-19,178189033,1691525755,7794798729
World,2021-6-20,178489348,1702215628,7794798729
World,2021-6-21,178786719,1719412613,7794798729
World,2021-6-22,179158923,1732266341,7794798729
World,2021-6-23,179596069,1745594963,7794798729
World,2021-6-24,179999905,1761050793,7794798729
World,2021-6-25,180421668,1774038061,7794798729
World,2021-6-26,180784519,1786301153,7794798729
World,2021-6-27,181094457,1815002823,7794798729
World,2021-6-28,181426277,1824505223,7794798729
World,2021-6-29,181810497,1838122209,7794798729
World,2021-6-30,182202874,1847998993,7794798729
World,2021-7-1,182641987,1863506346,7794798729
World,2021-7-2,183085047,1870846743,7794798729
World,2021-7-3,183460170,1882756138,7794798729
World,2021-7-4,183787065,1894628994,7794798729
World,2021-7-5,184158810,1908377236,7794798729
World,2021-7-6,184612638,1918886508,7794798729
World,2021-7-7,185076494,1931096829,7794798729
World,2021-7-8,185558038,1948410152,7794798729
World,2021-7-9,186066221,1957470350,7794798729
World,2021-7-10,186492674,1967373233,7794798729
World,2021-7-11,186857020,1975756899,7794798729
World,2021-7-12,187296167,1986777733,7794798729
World,2021-7-13,187816334,2000249895,7794798729
World,2021-7-14,188356502,2014314600,7794798729
World,2021-7-15,188925889,2027476278,7794798729
World,2021-7-16,189525838,2039083836,7794798729
World,2021-7-17,189998474,2049331005,7794798729
World,2021-7-18,190418368,2055374531,7794798729
World,2021-7-19,190916061,2068335635,7794798729
World,2021-7-20,191448889,2080694471,7794798729
World,2021-7-21,192011557,2089505988,7794798729
World,2021-7-22,192574007,2103003652,7794798729
World,2021-7-23,193260074,2114133311,7794798729
World,2021-7-24,193730932,2122547675,7794798729
World,2021-7-25,194168423,2130227844,7794798729
World,2021-7-26,194715112,2145049797,7794798729
World,2021-7-27,195329696,2156179167,7794798729
World,2021-7-28,195968310,2167146974,7794798729